-- Adminer 5.2.1 MySQL 8.4.5 dump

SET NAMES utf8;
SET time_zone = '+00:00';
SET foreign_key_checks = 0;
SET sql_mode = 'NO_AUTO_VALUE_ON_ZERO';

SET NAMES utf8mb4;

CREATE DATABASE IF NOT EXISTS `leafdetective` /*!40100 DEFAULT CHARACTER SET utf8mb4 COLLATE utf8mb4_general_ci */ /*!80016 DEFAULT ENCRYPTION='N' */;
USE `leafdetective`;

DROP TABLE IF EXISTS `apscheduler_jobs`;
CREATE TABLE `apscheduler_jobs` (
  `id` varchar(191) CHARACTER SET utf8mb4 COLLATE utf8mb4_general_ci NOT NULL,
  `next_run_time` double DEFAULT NULL,
  `job_state` blob NOT NULL,
  PRIMARY KEY (`id`) USING BTREE,
  KEY `ix_apscheduler_jobs_next_run_time` (`next_run_time`) USING BTREE
) ENGINE=InnoDB DEFAULT CHARSET=utf8mb4 COLLATE=utf8mb4_general_ci COMMENT='定时任务';


DROP TABLE IF EXISTS `car_driver`;
CREATE TABLE `car_driver` (
  `id` int NOT NULL AUTO_INCREMENT COMMENT 'id',
  `create_time` datetime DEFAULT NULL COMMENT '创建时间',
  `update_time` datetime DEFAULT NULL ON UPDATE CURRENT_TIMESTAMP COMMENT '更新时间',
  `del_flag` char(1) CHARACTER SET utf8mb4 COLLATE utf8mb4_general_ci DEFAULT '0' COMMENT '删除标志',
  `create_by` int NOT NULL COMMENT '创建者',
  `dept_id` int NOT NULL COMMENT '部门id',
  `name` varchar(255) CHARACTER SET utf8mb4 COLLATE utf8mb4_general_ci NOT NULL COMMENT '司机名称',
  `age` int NOT NULL COMMENT '年龄',
  `driver_years` int NOT NULL COMMENT '驾龄',
  `image` varchar(255) CHARACTER SET utf8mb4 COLLATE utf8mb4_general_ci DEFAULT NULL COMMENT '图片',
  `location` varchar(255) CHARACTER SET utf8mb4 COLLATE utf8mb4_general_ci DEFAULT NULL COMMENT '所在位置',
  `price` decimal(10,2) NOT NULL DEFAULT '0.00' COMMENT '价格',
  `car_type` int NOT NULL DEFAULT '1' COMMENT '车辆类型',
  PRIMARY KEY (`id`) USING BTREE
) ENGINE=InnoDB AUTO_INCREMENT=161 DEFAULT CHARSET=utf8mb4 COLLATE=utf8mb4_general_ci COMMENT='司机信息';

INSERT INTO `car_driver` (`id`, `create_time`, `update_time`, `del_flag`, `create_by`, `dept_id`, `name`, `age`, `driver_years`, `image`, `location`, `price`, `car_type`) VALUES
(14,	'2025-02-13 14:41:38',	'2025-03-13 13:38:14',	'0',	115,	105,	'Richard',	30,	5,	'https://jinqiao-product.oss-cn-beijing.aliyuncs.com/category_image/1739894293.3491251.jpeg',	'北京市朝阳区',	599.00,	1),
(15,	'2025-02-13 14:43:26',	'2025-03-13 13:38:14',	'0',	115,	105,	'牛先生',	35,	9,	'https://jinqiao-product.oss-cn-beijing.aliyuncs.com/category_image/1739894280.597399.jpg',	'上海市浦江区',	850.00,	2),
(16,	'2025-02-18 23:59:55',	'2025-03-13 13:38:14',	'0',	1,	103,	'Admin专属',	30,	8,	'https://jinqiao-product.oss-cn-beijing.aliyuncs.com/category_image/1739894367.7501671.jpg',	'admin创建',	888.00,	1),
(17,	'2025-02-19 00:01:58',	'2025-03-13 13:38:14',	'0',	115,	105,	'Richard专属',	48,	20,	'https://jinqiao-product.oss-cn-beijing.aliyuncs.com/category_image/1739894489.579735.jpeg',	'Richard专属',	888.00,	1),
(18,	'2025-02-20 22:33:07',	'2025-03-13 13:38:14',	'0',	2,	105,	'孙大圣',	30,	6,	'https://jinqiao-product.oss-cn-beijing.aliyuncs.com/category_image/1740061967.9344876.jpeg',	'山东临沂平邑',	899.00,	1),
(21,	'2025-02-13 14:41:38',	'2025-03-13 13:38:14',	'0',	115,	105,	'Richard',	30,	5,	'https://jinqiao-product.oss-cn-beijing.aliyuncs.com/category_image/1739894293.3491251.jpeg',	'北京市朝阳区',	599.00,	1),
(22,	'2025-02-13 14:43:26',	'2025-03-13 13:38:14',	'0',	115,	105,	'牛先生',	35,	9,	'https://jinqiao-product.oss-cn-beijing.aliyuncs.com/category_image/1739894280.597399.jpg',	'上海市浦江区',	850.00,	2),
(23,	'2025-02-13 14:41:38',	'2025-03-13 13:38:14',	'0',	115,	105,	'Richard',	30,	5,	'https://jinqiao-product.oss-cn-beijing.aliyuncs.com/category_image/1739894293.3491251.jpeg',	'北京市朝阳区',	599.00,	1),
(24,	'2025-02-13 14:43:26',	'2025-03-13 13:38:14',	'0',	115,	105,	'牛先生',	35,	9,	'https://jinqiao-product.oss-cn-beijing.aliyuncs.com/category_image/1739894280.597399.jpg',	'上海市浦江区',	850.00,	2),
(25,	'2025-02-18 23:59:55',	'2025-03-13 13:38:14',	'0',	1,	103,	'Admin专属',	30,	8,	'https://jinqiao-product.oss-cn-beijing.aliyuncs.com/category_image/1739894367.7501671.jpg',	'admin创建',	888.00,	1),
(26,	'2025-02-19 00:01:58',	'2025-03-13 13:38:14',	'0',	115,	105,	'Richard专属',	48,	20,	'https://jinqiao-product.oss-cn-beijing.aliyuncs.com/category_image/1739894489.579735.jpeg',	'Richard专属',	888.00,	1),
(27,	'2025-02-20 22:33:07',	'2025-03-13 13:38:14',	'0',	2,	105,	'孙大圣',	30,	6,	'https://jinqiao-product.oss-cn-beijing.aliyuncs.com/category_image/1740061967.9344876.jpeg',	'山东临沂平邑',	899.00,	1),
(29,	'2025-02-13 14:41:38',	'2025-03-13 13:38:14',	'0',	115,	105,	'Richard',	30,	5,	'https://jinqiao-product.oss-cn-beijing.aliyuncs.com/category_image/1739894293.3491251.jpeg',	'北京市朝阳区',	599.00,	1),
(30,	'2025-02-13 14:43:26',	'2025-03-13 13:38:14',	'0',	115,	105,	'牛先生',	35,	9,	'https://jinqiao-product.oss-cn-beijing.aliyuncs.com/category_image/1739894280.597399.jpg',	'上海市浦江区',	850.00,	2),
(31,	'2025-02-13 14:41:38',	'2025-03-13 13:38:14',	'0',	115,	105,	'Richard',	30,	5,	'https://jinqiao-product.oss-cn-beijing.aliyuncs.com/category_image/1739894293.3491251.jpeg',	'北京市朝阳区',	599.00,	1),
(32,	'2025-02-13 14:43:26',	'2025-03-13 13:38:14',	'0',	115,	105,	'牛先生',	35,	9,	'https://jinqiao-product.oss-cn-beijing.aliyuncs.com/category_image/1739894280.597399.jpg',	'上海市浦江区',	850.00,	2),
(33,	'2025-02-18 23:59:55',	'2025-03-13 13:38:14',	'0',	1,	103,	'Admin专属',	30,	8,	'https://jinqiao-product.oss-cn-beijing.aliyuncs.com/category_image/1739894367.7501671.jpg',	'admin创建',	888.00,	1),
(34,	'2025-02-19 00:01:58',	'2025-03-13 13:38:14',	'0',	115,	105,	'Richard专属',	48,	20,	'https://jinqiao-product.oss-cn-beijing.aliyuncs.com/category_image/1739894489.579735.jpeg',	'Richard专属',	888.00,	1),
(35,	'2025-02-20 22:33:07',	'2025-03-13 13:38:14',	'0',	2,	105,	'孙大圣',	30,	6,	'https://jinqiao-product.oss-cn-beijing.aliyuncs.com/category_image/1740061967.9344876.jpeg',	'山东临沂平邑',	899.00,	1),
(37,	'2025-02-13 14:41:38',	'2025-03-13 13:38:14',	'0',	115,	105,	'Richard',	30,	5,	'https://jinqiao-product.oss-cn-beijing.aliyuncs.com/category_image/1739894293.3491251.jpeg',	'北京市朝阳区',	599.00,	1),
(38,	'2025-02-13 14:43:26',	'2025-03-13 13:38:14',	'0',	115,	105,	'牛先生',	35,	9,	'https://jinqiao-product.oss-cn-beijing.aliyuncs.com/category_image/1739894280.597399.jpg',	'上海市浦江区',	850.00,	2),
(39,	'2025-02-13 14:41:38',	'2025-03-13 13:38:14',	'0',	115,	105,	'Richard',	30,	5,	'https://jinqiao-product.oss-cn-beijing.aliyuncs.com/category_image/1739894293.3491251.jpeg',	'北京市朝阳区',	599.00,	1),
(40,	'2025-02-13 14:43:26',	'2025-03-13 13:38:14',	'0',	115,	105,	'牛先生',	35,	9,	'https://jinqiao-product.oss-cn-beijing.aliyuncs.com/category_image/1739894280.597399.jpg',	'上海市浦江区',	850.00,	2),
(41,	'2025-02-18 23:59:55',	'2025-03-13 13:38:14',	'0',	1,	103,	'Admin专属',	30,	8,	'https://jinqiao-product.oss-cn-beijing.aliyuncs.com/category_image/1739894367.7501671.jpg',	'admin创建',	888.00,	1),
(42,	'2025-02-19 00:01:58',	'2025-03-13 13:38:14',	'0',	115,	105,	'Richard专属',	48,	20,	'https://jinqiao-product.oss-cn-beijing.aliyuncs.com/category_image/1739894489.579735.jpeg',	'Richard专属',	888.00,	1),
(43,	'2025-02-20 22:33:07',	'2025-03-13 13:38:14',	'0',	2,	105,	'孙大圣',	30,	6,	'https://jinqiao-product.oss-cn-beijing.aliyuncs.com/category_image/1740061967.9344876.jpeg',	'山东临沂平邑',	899.00,	1),
(45,	'2025-02-13 14:41:38',	'2025-03-13 13:38:14',	'0',	115,	105,	'Richard',	30,	5,	'https://jinqiao-product.oss-cn-beijing.aliyuncs.com/category_image/1739894293.3491251.jpeg',	'北京市朝阳区',	599.00,	1),
(46,	'2025-02-13 14:43:26',	'2025-03-13 13:38:14',	'0',	115,	105,	'牛先生',	35,	9,	'https://jinqiao-product.oss-cn-beijing.aliyuncs.com/category_image/1739894280.597399.jpg',	'上海市浦江区',	850.00,	2),
(49,	NULL,	NULL,	'0',	1,	103,	'孙大圣',	30,	6,	'https://jinqiao-product.oss-cn-beijing.aliyuncs.com/category_image/1740061967.9344876.jpeg',	'天津港',	899.00,	1),
(50,	NULL,	NULL,	'0',	1,	103,	'孙大圣',	30,	6,	'https://jinqiao-product.oss-cn-beijing.aliyuncs.com/category_image/1740061967.9344876.jpeg',	'天津港',	899.00,	1),
(51,	NULL,	NULL,	'0',	1,	103,	'孙大圣',	30,	6,	'https://jinqiao-product.oss-cn-beijing.aliyuncs.com/category_image/1740061967.9344876.jpeg',	'天津港',	899.00,	1),
(52,	NULL,	NULL,	'0',	1,	103,	'孙大圣',	30,	6,	'https://jinqiao-product.oss-cn-beijing.aliyuncs.com/category_image/1740061967.9344876.jpeg',	'天津港',	899.00,	1),
(53,	NULL,	NULL,	'0',	1,	103,	'Richard专属',	48,	20,	'https://jinqiao-product.oss-cn-beijing.aliyuncs.com/category_image/1739894489.579735.jpeg',	'天津港',	888.00,	1),
(54,	NULL,	NULL,	'0',	1,	103,	'Richard专属',	48,	20,	'https://jinqiao-product.oss-cn-beijing.aliyuncs.com/category_image/1739894489.579735.jpeg',	'天津港',	888.00,	1),
(55,	NULL,	NULL,	'0',	1,	103,	'Richard专属',	48,	20,	'https://jinqiao-product.oss-cn-beijing.aliyuncs.com/category_image/1739894489.579735.jpeg',	'天津港',	888.00,	1),
(56,	NULL,	NULL,	'0',	1,	103,	'Richard专属',	48,	20,	'https://jinqiao-product.oss-cn-beijing.aliyuncs.com/category_image/1739894489.579735.jpeg',	'天津港',	888.00,	1),
(57,	NULL,	NULL,	'0',	1,	103,	'Admin专属',	30,	8,	'https://jinqiao-product.oss-cn-beijing.aliyuncs.com/category_image/1739894367.7501671.jpg',	'天津港',	888.00,	1),
(58,	NULL,	NULL,	'0',	1,	103,	'Admin专属',	30,	8,	'https://jinqiao-product.oss-cn-beijing.aliyuncs.com/category_image/1739894367.7501671.jpg',	'天津港',	888.00,	1),
(59,	NULL,	NULL,	'0',	1,	103,	'Admin专属',	30,	8,	'https://jinqiao-product.oss-cn-beijing.aliyuncs.com/category_image/1739894367.7501671.jpg',	'天津港',	888.00,	1),
(60,	NULL,	NULL,	'0',	1,	103,	'Admin专属',	30,	8,	'https://jinqiao-product.oss-cn-beijing.aliyuncs.com/category_image/1739894367.7501671.jpg',	'天津港',	888.00,	1),
(61,	NULL,	NULL,	'0',	1,	103,	'牛先生',	35,	9,	'https://jinqiao-product.oss-cn-beijing.aliyuncs.com/category_image/1739894280.597399.jpg',	'天津港',	850.00,	2),
(62,	NULL,	NULL,	'0',	1,	103,	'牛先生',	35,	9,	'https://jinqiao-product.oss-cn-beijing.aliyuncs.com/category_image/1739894280.597399.jpg',	'天津港',	850.00,	2),
(63,	NULL,	NULL,	'0',	1,	103,	'牛先生',	35,	9,	'https://jinqiao-product.oss-cn-beijing.aliyuncs.com/category_image/1739894280.597399.jpg',	'天津港',	850.00,	2),
(64,	NULL,	NULL,	'0',	1,	103,	'牛先生',	35,	9,	'https://jinqiao-product.oss-cn-beijing.aliyuncs.com/category_image/1739894280.597399.jpg',	'天津港',	850.00,	2),
(65,	NULL,	NULL,	'0',	1,	103,	'牛先生',	35,	9,	'https://jinqiao-product.oss-cn-beijing.aliyuncs.com/category_image/1739894280.597399.jpg',	'天津港',	850.00,	2),
(66,	NULL,	NULL,	'0',	1,	103,	'牛先生',	35,	9,	'https://jinqiao-product.oss-cn-beijing.aliyuncs.com/category_image/1739894280.597399.jpg',	'天津港',	850.00,	2),
(67,	NULL,	NULL,	'0',	1,	103,	'牛先生',	35,	9,	'https://jinqiao-product.oss-cn-beijing.aliyuncs.com/category_image/1739894280.597399.jpg',	'天津港',	850.00,	2),
(68,	NULL,	NULL,	'0',	1,	103,	'牛先生',	35,	9,	'https://jinqiao-product.oss-cn-beijing.aliyuncs.com/category_image/1739894280.597399.jpg',	'天津港',	850.00,	2),
(69,	NULL,	NULL,	'0',	1,	103,	'Richard',	30,	5,	'https://jinqiao-product.oss-cn-beijing.aliyuncs.com/category_image/1739894293.3491251.jpeg',	'天津港',	599.00,	1),
(70,	NULL,	NULL,	'0',	1,	103,	'Richard',	30,	5,	'https://jinqiao-product.oss-cn-beijing.aliyuncs.com/category_image/1739894293.3491251.jpeg',	'天津港',	599.00,	1),
(71,	NULL,	NULL,	'0',	1,	103,	'Richard',	30,	5,	'https://jinqiao-product.oss-cn-beijing.aliyuncs.com/category_image/1739894293.3491251.jpeg',	'天津港',	599.00,	1),
(72,	NULL,	NULL,	'0',	1,	103,	'Richard',	30,	5,	'https://jinqiao-product.oss-cn-beijing.aliyuncs.com/category_image/1739894293.3491251.jpeg',	'天津港',	599.00,	1),
(73,	NULL,	NULL,	'0',	1,	103,	'Richard',	30,	5,	'https://jinqiao-product.oss-cn-beijing.aliyuncs.com/category_image/1739894293.3491251.jpeg',	'天津港',	599.00,	1),
(74,	NULL,	NULL,	'0',	1,	103,	'Richard',	30,	5,	'https://jinqiao-product.oss-cn-beijing.aliyuncs.com/category_image/1739894293.3491251.jpeg',	'天津港',	599.00,	1),
(75,	NULL,	NULL,	'0',	1,	103,	'Richard',	30,	5,	'https://jinqiao-product.oss-cn-beijing.aliyuncs.com/category_image/1739894293.3491251.jpeg',	'天津港',	599.00,	1),
(76,	NULL,	NULL,	'0',	1,	103,	'Richard',	30,	5,	'https://jinqiao-product.oss-cn-beijing.aliyuncs.com/category_image/1739894293.3491251.jpeg',	'天津港',	599.00,	1),
(77,	'2025-03-22 17:49:31',	'2025-03-22 17:49:31',	'0',	1,	103,	'孙大圣',	30,	6,	'https://jinqiao-product.oss-cn-beijing.aliyuncs.com/category_image/1740061967.9344876.jpeg',	'天津港',	899.00,	1),
(78,	'2025-03-22 17:49:31',	'2025-03-22 17:49:31',	'0',	1,	103,	'孙大圣',	30,	6,	'https://jinqiao-product.oss-cn-beijing.aliyuncs.com/category_image/1740061967.9344876.jpeg',	'天津港',	899.00,	1),
(79,	'2025-03-22 17:49:31',	'2025-03-22 17:49:31',	'0',	1,	103,	'孙大圣',	30,	6,	'https://jinqiao-product.oss-cn-beijing.aliyuncs.com/category_image/1740061967.9344876.jpeg',	'天津港',	899.00,	1),
(80,	'2025-03-22 17:49:31',	'2025-03-22 17:49:31',	'0',	1,	103,	'孙大圣',	30,	6,	'https://jinqiao-product.oss-cn-beijing.aliyuncs.com/category_image/1740061967.9344876.jpeg',	'天津港',	899.00,	1),
(81,	'2025-03-22 17:49:31',	'2025-03-22 17:49:31',	'0',	1,	103,	'Richard专属',	48,	20,	'https://jinqiao-product.oss-cn-beijing.aliyuncs.com/category_image/1739894489.579735.jpeg',	'天津港',	888.00,	1),
(82,	'2025-03-22 17:49:31',	'2025-03-22 17:49:31',	'0',	1,	103,	'Richard专属',	48,	20,	'https://jinqiao-product.oss-cn-beijing.aliyuncs.com/category_image/1739894489.579735.jpeg',	'天津港',	888.00,	1),
(83,	'2025-03-22 17:49:31',	'2025-03-22 17:49:31',	'0',	1,	103,	'Richard专属',	48,	20,	'https://jinqiao-product.oss-cn-beijing.aliyuncs.com/category_image/1739894489.579735.jpeg',	'天津港',	888.00,	1),
(84,	'2025-03-22 17:49:31',	'2025-03-22 17:49:31',	'0',	1,	103,	'Richard专属',	48,	20,	'https://jinqiao-product.oss-cn-beijing.aliyuncs.com/category_image/1739894489.579735.jpeg',	'天津港',	888.00,	1),
(85,	'2025-03-22 17:49:31',	'2025-03-22 17:49:31',	'0',	1,	103,	'Admin专属',	30,	8,	'https://jinqiao-product.oss-cn-beijing.aliyuncs.com/category_image/1739894367.7501671.jpg',	'天津港',	888.00,	1),
(86,	'2025-03-22 17:49:31',	'2025-03-22 17:49:31',	'0',	1,	103,	'Admin专属',	30,	8,	'https://jinqiao-product.oss-cn-beijing.aliyuncs.com/category_image/1739894367.7501671.jpg',	'天津港',	888.00,	1),
(87,	'2025-03-22 17:49:31',	'2025-03-22 17:49:31',	'0',	1,	103,	'Admin专属',	30,	8,	'https://jinqiao-product.oss-cn-beijing.aliyuncs.com/category_image/1739894367.7501671.jpg',	'天津港',	888.00,	1),
(88,	'2025-03-22 17:49:31',	'2025-03-22 17:49:31',	'0',	1,	103,	'Admin专属',	30,	8,	'https://jinqiao-product.oss-cn-beijing.aliyuncs.com/category_image/1739894367.7501671.jpg',	'天津港',	888.00,	1),
(89,	'2025-03-22 17:49:31',	'2025-03-22 17:49:31',	'0',	1,	103,	'牛先生',	35,	9,	'https://jinqiao-product.oss-cn-beijing.aliyuncs.com/category_image/1739894280.597399.jpg',	'天津港',	850.00,	2),
(90,	'2025-03-22 17:49:31',	'2025-03-22 17:49:31',	'0',	1,	103,	'牛先生',	35,	9,	'https://jinqiao-product.oss-cn-beijing.aliyuncs.com/category_image/1739894280.597399.jpg',	'天津港',	850.00,	2),
(91,	'2025-03-22 17:49:31',	'2025-03-22 17:49:31',	'0',	1,	103,	'牛先生',	35,	9,	'https://jinqiao-product.oss-cn-beijing.aliyuncs.com/category_image/1739894280.597399.jpg',	'天津港',	850.00,	2),
(92,	'2025-03-22 17:49:31',	'2025-03-22 17:49:31',	'0',	1,	103,	'牛先生',	35,	9,	'https://jinqiao-product.oss-cn-beijing.aliyuncs.com/category_image/1739894280.597399.jpg',	'天津港',	850.00,	2),
(93,	'2025-03-22 17:49:31',	'2025-03-22 17:49:31',	'0',	1,	103,	'牛先生',	35,	9,	'https://jinqiao-product.oss-cn-beijing.aliyuncs.com/category_image/1739894280.597399.jpg',	'天津港',	850.00,	2),
(94,	'2025-03-22 17:49:31',	'2025-03-22 17:49:31',	'0',	1,	103,	'牛先生',	35,	9,	'https://jinqiao-product.oss-cn-beijing.aliyuncs.com/category_image/1739894280.597399.jpg',	'天津港',	850.00,	2),
(95,	'2025-03-22 17:49:31',	'2025-03-22 17:49:31',	'0',	1,	103,	'牛先生',	35,	9,	'https://jinqiao-product.oss-cn-beijing.aliyuncs.com/category_image/1739894280.597399.jpg',	'天津港',	850.00,	2),
(96,	'2025-03-22 17:49:31',	'2025-03-22 17:49:31',	'0',	1,	103,	'牛先生',	35,	9,	'https://jinqiao-product.oss-cn-beijing.aliyuncs.com/category_image/1739894280.597399.jpg',	'天津港',	850.00,	2),
(97,	'2025-03-22 17:49:31',	'2025-03-22 17:49:31',	'0',	1,	103,	'Richard',	30,	5,	'https://jinqiao-product.oss-cn-beijing.aliyuncs.com/category_image/1739894293.3491251.jpeg',	'天津港',	599.00,	1),
(98,	'2025-03-22 17:49:31',	'2025-03-22 17:49:31',	'0',	1,	103,	'Richard',	30,	5,	'https://jinqiao-product.oss-cn-beijing.aliyuncs.com/category_image/1739894293.3491251.jpeg',	'天津港',	599.00,	1),
(99,	'2025-03-22 17:49:31',	'2025-03-22 17:49:31',	'0',	1,	103,	'Richard',	30,	5,	'https://jinqiao-product.oss-cn-beijing.aliyuncs.com/category_image/1739894293.3491251.jpeg',	'天津港',	599.00,	1),
(100,	'2025-03-22 17:49:31',	'2025-03-22 17:49:31',	'0',	1,	103,	'Richard',	30,	5,	'https://jinqiao-product.oss-cn-beijing.aliyuncs.com/category_image/1739894293.3491251.jpeg',	'天津港',	599.00,	1),
(101,	'2025-03-22 17:49:31',	'2025-03-22 17:49:31',	'0',	1,	103,	'Richard',	30,	5,	'https://jinqiao-product.oss-cn-beijing.aliyuncs.com/category_image/1739894293.3491251.jpeg',	'天津港',	599.00,	1),
(102,	'2025-03-22 17:49:31',	'2025-03-22 17:49:31',	'0',	1,	103,	'Richard',	30,	5,	'https://jinqiao-product.oss-cn-beijing.aliyuncs.com/category_image/1739894293.3491251.jpeg',	'天津港',	599.00,	1),
(103,	'2025-03-22 17:49:31',	'2025-03-22 17:49:31',	'0',	1,	103,	'Richard',	30,	5,	'https://jinqiao-product.oss-cn-beijing.aliyuncs.com/category_image/1739894293.3491251.jpeg',	'天津港',	599.00,	1),
(104,	'2025-03-22 17:49:31',	'2025-03-22 17:49:31',	'0',	1,	103,	'Richard',	30,	5,	'https://jinqiao-product.oss-cn-beijing.aliyuncs.com/category_image/1739894293.3491251.jpeg',	'天津港',	599.00,	1),
(105,	'2025-03-23 13:14:01',	'2025-03-23 13:14:01',	'0',	1,	103,	'孙大圣',	30,	6,	'https://jinqiao-product.oss-cn-beijing.aliyuncs.com/category_image/1740061967.9344876.jpeg',	'青岛',	899.00,	1),
(106,	'2025-03-23 13:14:01',	'2025-03-23 13:14:01',	'0',	1,	103,	'孙大圣',	30,	6,	'https://jinqiao-product.oss-cn-beijing.aliyuncs.com/category_image/1740061967.9344876.jpeg',	'青岛',	899.00,	1),
(107,	'2025-03-23 13:14:01',	'2025-03-23 13:14:01',	'0',	1,	103,	'孙大圣',	30,	6,	'https://jinqiao-product.oss-cn-beijing.aliyuncs.com/category_image/1740061967.9344876.jpeg',	'青岛',	899.00,	1),
(108,	'2025-03-23 13:14:01',	'2025-03-23 13:14:01',	'0',	1,	103,	'孙大圣',	30,	6,	'https://jinqiao-product.oss-cn-beijing.aliyuncs.com/category_image/1740061967.9344876.jpeg',	'青岛',	899.00,	1),
(109,	'2025-03-23 13:14:01',	'2025-03-23 13:14:01',	'0',	1,	103,	'Richard专属',	48,	20,	'https://jinqiao-product.oss-cn-beijing.aliyuncs.com/category_image/1739894489.579735.jpeg',	'青岛',	888.00,	1),
(110,	'2025-03-23 13:14:01',	'2025-03-23 13:14:01',	'0',	1,	103,	'Richard专属',	48,	20,	'https://jinqiao-product.oss-cn-beijing.aliyuncs.com/category_image/1739894489.579735.jpeg',	'青岛',	888.00,	1),
(111,	'2025-03-23 13:14:01',	'2025-03-23 13:14:01',	'0',	1,	103,	'Richard专属',	48,	20,	'https://jinqiao-product.oss-cn-beijing.aliyuncs.com/category_image/1739894489.579735.jpeg',	'青岛',	888.00,	1),
(112,	'2025-03-23 13:14:01',	'2025-03-23 13:14:01',	'0',	1,	103,	'Richard专属',	48,	20,	'https://jinqiao-product.oss-cn-beijing.aliyuncs.com/category_image/1739894489.579735.jpeg',	'青岛',	888.00,	1),
(113,	'2025-03-23 13:14:01',	'2025-03-23 13:14:01',	'0',	1,	103,	'Admin专属',	30,	8,	'https://jinqiao-product.oss-cn-beijing.aliyuncs.com/category_image/1739894367.7501671.jpg',	'青岛',	888.00,	1),
(114,	'2025-03-23 13:14:01',	'2025-03-23 13:14:01',	'0',	1,	103,	'Admin专属',	30,	8,	'https://jinqiao-product.oss-cn-beijing.aliyuncs.com/category_image/1739894367.7501671.jpg',	'青岛',	888.00,	1),
(115,	'2025-03-23 13:14:01',	'2025-03-23 13:14:01',	'0',	1,	103,	'Admin专属',	30,	8,	'https://jinqiao-product.oss-cn-beijing.aliyuncs.com/category_image/1739894367.7501671.jpg',	'青岛',	888.00,	1),
(116,	'2025-03-23 13:14:01',	'2025-03-23 13:14:01',	'0',	1,	103,	'Admin专属',	30,	8,	'https://jinqiao-product.oss-cn-beijing.aliyuncs.com/category_image/1739894367.7501671.jpg',	'青岛',	888.00,	1),
(117,	'2025-03-23 13:14:01',	'2025-03-23 13:14:01',	'0',	1,	103,	'牛先生',	35,	9,	'https://jinqiao-product.oss-cn-beijing.aliyuncs.com/category_image/1739894280.597399.jpg',	'青岛',	850.00,	2),
(118,	'2025-03-23 13:14:01',	'2025-03-23 13:14:01',	'0',	1,	103,	'牛先生',	35,	9,	'https://jinqiao-product.oss-cn-beijing.aliyuncs.com/category_image/1739894280.597399.jpg',	'青岛',	850.00,	2),
(119,	'2025-03-23 13:14:01',	'2025-03-23 13:14:01',	'0',	1,	103,	'牛先生',	35,	9,	'https://jinqiao-product.oss-cn-beijing.aliyuncs.com/category_image/1739894280.597399.jpg',	'青岛',	850.00,	2),
(120,	'2025-03-23 13:14:01',	'2025-03-23 13:14:01',	'0',	1,	103,	'牛先生',	35,	9,	'https://jinqiao-product.oss-cn-beijing.aliyuncs.com/category_image/1739894280.597399.jpg',	'青岛',	850.00,	2),
(121,	'2025-03-23 13:14:01',	'2025-03-23 13:14:01',	'0',	1,	103,	'牛先生',	35,	9,	'https://jinqiao-product.oss-cn-beijing.aliyuncs.com/category_image/1739894280.597399.jpg',	'青岛',	850.00,	2),
(122,	'2025-03-23 13:14:01',	'2025-03-23 13:14:01',	'0',	1,	103,	'牛先生',	35,	9,	'https://jinqiao-product.oss-cn-beijing.aliyuncs.com/category_image/1739894280.597399.jpg',	'青岛',	850.00,	2),
(123,	'2025-03-23 13:14:01',	'2025-03-23 13:14:01',	'0',	1,	103,	'牛先生',	35,	9,	'https://jinqiao-product.oss-cn-beijing.aliyuncs.com/category_image/1739894280.597399.jpg',	'青岛',	850.00,	2),
(124,	'2025-03-23 13:14:01',	'2025-03-23 13:14:01',	'0',	1,	103,	'牛先生',	35,	9,	'https://jinqiao-product.oss-cn-beijing.aliyuncs.com/category_image/1739894280.597399.jpg',	'青岛',	850.00,	2),
(125,	'2025-03-23 13:14:01',	'2025-03-23 13:14:01',	'0',	1,	103,	'Richard',	30,	5,	'https://jinqiao-product.oss-cn-beijing.aliyuncs.com/category_image/1739894293.3491251.jpeg',	'青岛',	599.00,	1),
(126,	'2025-03-23 13:14:01',	'2025-03-23 13:14:01',	'0',	1,	103,	'Richard',	30,	5,	'https://jinqiao-product.oss-cn-beijing.aliyuncs.com/category_image/1739894293.3491251.jpeg',	'青岛',	599.00,	1),
(127,	'2025-03-23 13:14:01',	'2025-03-23 13:14:01',	'0',	1,	103,	'Richard',	30,	5,	'https://jinqiao-product.oss-cn-beijing.aliyuncs.com/category_image/1739894293.3491251.jpeg',	'青岛',	599.00,	1),
(128,	'2025-03-23 13:14:01',	'2025-03-23 13:14:01',	'0',	1,	103,	'Richard',	30,	5,	'https://jinqiao-product.oss-cn-beijing.aliyuncs.com/category_image/1739894293.3491251.jpeg',	'青岛',	599.00,	1),
(129,	'2025-03-23 13:14:01',	'2025-03-23 13:14:01',	'0',	1,	103,	'Richard',	30,	5,	'https://jinqiao-product.oss-cn-beijing.aliyuncs.com/category_image/1739894293.3491251.jpeg',	'青岛',	599.00,	1),
(130,	'2025-03-23 13:14:01',	'2025-03-23 13:14:01',	'0',	1,	103,	'Richard',	30,	5,	'https://jinqiao-product.oss-cn-beijing.aliyuncs.com/category_image/1739894293.3491251.jpeg',	'青岛',	599.00,	1),
(131,	'2025-03-23 13:14:01',	'2025-03-23 13:14:01',	'0',	1,	103,	'Richard',	30,	5,	'https://jinqiao-product.oss-cn-beijing.aliyuncs.com/category_image/1739894293.3491251.jpeg',	'青岛',	599.00,	1),
(132,	'2025-03-23 13:14:01',	'2025-03-23 13:14:01',	'0',	1,	103,	'Richard',	30,	5,	'https://jinqiao-product.oss-cn-beijing.aliyuncs.com/category_image/1739894293.3491251.jpeg',	'青岛',	599.00,	1),
(133,	'2025-03-23 13:15:38',	'2025-03-23 13:15:38',	'0',	1,	103,	'孙大圣',	30,	6,	'https://jinqiao-product.oss-cn-beijing.aliyuncs.com/category_image/1740061967.9344876.jpeg',	'天津市区',	899.00,	1),
(134,	'2025-03-23 13:15:38',	'2025-03-23 13:15:38',	'0',	1,	103,	'孙大圣',	30,	6,	'https://jinqiao-product.oss-cn-beijing.aliyuncs.com/category_image/1740061967.9344876.jpeg',	'天津市区',	899.00,	1),
(135,	'2025-03-23 13:15:38',	'2025-03-23 13:15:38',	'0',	1,	103,	'孙大圣',	30,	6,	'https://jinqiao-product.oss-cn-beijing.aliyuncs.com/category_image/1740061967.9344876.jpeg',	'天津市区',	899.00,	1),
(136,	'2025-03-23 13:15:38',	'2025-03-23 13:15:38',	'0',	1,	103,	'孙大圣',	30,	6,	'https://jinqiao-product.oss-cn-beijing.aliyuncs.com/category_image/1740061967.9344876.jpeg',	'天津市区',	899.00,	1),
(137,	'2025-03-23 13:15:38',	'2025-03-23 13:15:38',	'0',	1,	103,	'Richard专属',	48,	20,	'https://jinqiao-product.oss-cn-beijing.aliyuncs.com/category_image/1739894489.579735.jpeg',	'天津市区',	888.00,	1),
(138,	'2025-03-23 13:15:38',	'2025-03-23 13:15:38',	'0',	1,	103,	'Richard专属',	48,	20,	'https://jinqiao-product.oss-cn-beijing.aliyuncs.com/category_image/1739894489.579735.jpeg',	'天津市区',	888.00,	1),
(139,	'2025-03-23 13:15:38',	'2025-03-23 13:15:38',	'0',	1,	103,	'Richard专属',	48,	20,	'https://jinqiao-product.oss-cn-beijing.aliyuncs.com/category_image/1739894489.579735.jpeg',	'天津市区',	888.00,	1),
(140,	'2025-03-23 13:15:38',	'2025-03-23 13:15:38',	'0',	1,	103,	'Richard专属',	48,	20,	'https://jinqiao-product.oss-cn-beijing.aliyuncs.com/category_image/1739894489.579735.jpeg',	'天津市区',	888.00,	1),
(141,	'2025-03-23 13:15:38',	'2025-03-23 13:15:38',	'0',	1,	103,	'Admin专属',	30,	8,	'https://jinqiao-product.oss-cn-beijing.aliyuncs.com/category_image/1739894367.7501671.jpg',	'天津市区',	888.00,	1),
(142,	'2025-03-23 13:15:38',	'2025-03-23 13:15:38',	'0',	1,	103,	'Admin专属',	30,	8,	'https://jinqiao-product.oss-cn-beijing.aliyuncs.com/category_image/1739894367.7501671.jpg',	'天津市区',	888.00,	1),
(143,	'2025-03-23 13:15:38',	'2025-03-23 13:15:38',	'0',	1,	103,	'Admin专属',	30,	8,	'https://jinqiao-product.oss-cn-beijing.aliyuncs.com/category_image/1739894367.7501671.jpg',	'天津市区',	888.00,	1),
(144,	'2025-03-23 13:15:38',	'2025-03-23 13:15:38',	'0',	1,	103,	'Admin专属',	30,	8,	'https://jinqiao-product.oss-cn-beijing.aliyuncs.com/category_image/1739894367.7501671.jpg',	'天津市区',	888.00,	1),
(145,	'2025-03-23 13:15:38',	'2025-03-23 13:15:38',	'0',	1,	103,	'牛先生',	35,	9,	'https://jinqiao-product.oss-cn-beijing.aliyuncs.com/category_image/1739894280.597399.jpg',	'天津市区',	850.00,	2),
(146,	'2025-03-23 13:15:38',	'2025-03-23 13:15:38',	'0',	1,	103,	'牛先生',	35,	9,	'https://jinqiao-product.oss-cn-beijing.aliyuncs.com/category_image/1739894280.597399.jpg',	'天津市区',	850.00,	2),
(147,	'2025-03-23 13:15:38',	'2025-03-23 13:15:38',	'0',	1,	103,	'牛先生',	35,	9,	'https://jinqiao-product.oss-cn-beijing.aliyuncs.com/category_image/1739894280.597399.jpg',	'天津市区',	850.00,	2),
(148,	'2025-03-23 13:15:38',	'2025-03-23 13:15:38',	'0',	1,	103,	'牛先生',	35,	9,	'https://jinqiao-product.oss-cn-beijing.aliyuncs.com/category_image/1739894280.597399.jpg',	'天津市区',	850.00,	2),
(149,	'2025-03-23 13:15:38',	'2025-03-23 13:15:38',	'0',	1,	103,	'牛先生',	35,	9,	'https://jinqiao-product.oss-cn-beijing.aliyuncs.com/category_image/1739894280.597399.jpg',	'天津市区',	850.00,	2),
(150,	'2025-03-23 13:15:38',	'2025-03-23 13:15:38',	'0',	1,	103,	'牛先生',	35,	9,	'https://jinqiao-product.oss-cn-beijing.aliyuncs.com/category_image/1739894280.597399.jpg',	'天津市区',	850.00,	2),
(151,	'2025-03-23 13:15:38',	'2025-03-23 13:15:38',	'0',	1,	103,	'牛先生',	35,	9,	'https://jinqiao-product.oss-cn-beijing.aliyuncs.com/category_image/1739894280.597399.jpg',	'天津市区',	850.00,	2),
(152,	'2025-03-23 13:15:38',	'2025-03-23 13:15:38',	'0',	1,	103,	'牛先生',	65,	9,	'https://jinqiao-product.oss-cn-beijing.aliyuncs.com/category_image/1739894280.597399.jpg',	'天津市区',	850.00,	2),
(153,	'2025-03-23 13:15:38',	'2025-03-23 13:15:38',	'0',	1,	103,	'Richard',	30,	5,	'https://jinqiao-product.oss-cn-beijing.aliyuncs.com/category_image/1739894293.3491251.jpeg',	'天津市区',	599.00,	1),
(154,	'2025-03-23 13:15:38',	'2025-03-23 13:15:38',	'0',	1,	103,	'Richard',	30,	5,	'https://jinqiao-product.oss-cn-beijing.aliyuncs.com/category_image/1739894293.3491251.jpeg',	'天津市区',	599.00,	1),
(155,	'2025-03-23 13:15:38',	'2025-03-23 13:15:38',	'0',	1,	103,	'Richard',	30,	5,	'https://jinqiao-product.oss-cn-beijing.aliyuncs.com/category_image/1739894293.3491251.jpeg',	'天津市区',	599.00,	1),
(156,	'2025-03-23 13:15:38',	'2025-03-23 13:15:38',	'0',	1,	103,	'Richard',	30,	5,	'https://jinqiao-product.oss-cn-beijing.aliyuncs.com/category_image/1739894293.3491251.jpeg',	'天津市区',	599.00,	1),
(157,	'2025-03-23 13:15:38',	'2025-03-23 13:15:38',	'0',	1,	103,	'Richard',	30,	5,	'https://jinqiao-product.oss-cn-beijing.aliyuncs.com/category_image/1739894293.3491251.jpeg',	'天津市区',	599.00,	1),
(158,	'2025-03-23 13:15:38',	'2025-03-23 13:15:38',	'0',	1,	103,	'Richard',	30,	5,	'https://jinqiao-product.oss-cn-beijing.aliyuncs.com/category_image/1739894293.3491251.jpeg',	'天津市区',	599.00,	1),
(159,	'2025-03-23 13:15:38',	'2025-03-23 13:15:38',	'0',	1,	103,	'Richard',	30,	5,	'https://jinqiao-product.oss-cn-beijing.aliyuncs.com/category_image/1739894293.3491251.jpeg',	'天津市区',	599.00,	1),
(160,	'2025-03-23 13:15:38',	'2025-03-23 13:15:38',	'0',	1,	103,	'Richard',	30,	5,	'https://jinqiao-product.oss-cn-beijing.aliyuncs.com/category_image/1739894293.3491251.jpeg',	'天津市区',	599.00,	1);

DROP TABLE IF EXISTS `gen_table`;
CREATE TABLE `gen_table` (
  `table_id` bigint NOT NULL AUTO_INCREMENT COMMENT '编号',
  `table_name` varchar(200) CHARACTER SET utf8mb4 COLLATE utf8mb4_general_ci DEFAULT '' COMMENT '表名称',
  `table_comment` varchar(500) CHARACTER SET utf8mb4 COLLATE utf8mb4_general_ci DEFAULT '' COMMENT '表描述',
  `sub_table_name` varchar(64) CHARACTER SET utf8mb4 COLLATE utf8mb4_general_ci DEFAULT NULL COMMENT '关联子表的表名',
  `sub_table_fk_name` varchar(64) CHARACTER SET utf8mb4 COLLATE utf8mb4_general_ci DEFAULT NULL COMMENT '子表关联的外键名',
  `class_name` varchar(100) CHARACTER SET utf8mb4 COLLATE utf8mb4_general_ci DEFAULT '' COMMENT '实体类名称',
  `tpl_category` varchar(200) CHARACTER SET utf8mb4 COLLATE utf8mb4_general_ci DEFAULT 'crud' COMMENT '使用的模板（crud单表操作 tree树表操作）',
  `tpl_web_type` varchar(30) CHARACTER SET utf8mb4 COLLATE utf8mb4_general_ci DEFAULT '' COMMENT '前端模板类型（element-ui模版 element-plus模版）',
  `package_name` varchar(100) CHARACTER SET utf8mb4 COLLATE utf8mb4_general_ci DEFAULT NULL COMMENT '生成包路径',
  `module_name` varchar(30) CHARACTER SET utf8mb4 COLLATE utf8mb4_general_ci DEFAULT NULL COMMENT '生成模块名',
  `business_name` varchar(30) CHARACTER SET utf8mb4 COLLATE utf8mb4_general_ci DEFAULT NULL COMMENT '生成业务名',
  `function_name` varchar(50) CHARACTER SET utf8mb4 COLLATE utf8mb4_general_ci DEFAULT NULL COMMENT '生成功能名',
  `function_author` varchar(50) CHARACTER SET utf8mb4 COLLATE utf8mb4_general_ci DEFAULT NULL COMMENT '生成功能作者',
  `gen_type` char(1) CHARACTER SET utf8mb4 COLLATE utf8mb4_general_ci DEFAULT '0' COMMENT '生成代码方式（0zip压缩包 1自定义路径）',
  `gen_path` varchar(200) CHARACTER SET utf8mb4 COLLATE utf8mb4_general_ci DEFAULT '/' COMMENT '生成路径（不填默认项目路径）',
  `options` varchar(1000) CHARACTER SET utf8mb4 COLLATE utf8mb4_general_ci DEFAULT NULL COMMENT '其它生成选项',
  `create_by` varchar(64) CHARACTER SET utf8mb4 COLLATE utf8mb4_general_ci DEFAULT '' COMMENT '创建者',
  `create_time` datetime NOT NULL ON UPDATE CURRENT_TIMESTAMP COMMENT '创建时间',
  `update_by` varchar(64) CHARACTER SET utf8mb4 COLLATE utf8mb4_general_ci DEFAULT '' COMMENT '更新者',
  `update_time` datetime NOT NULL ON UPDATE CURRENT_TIMESTAMP COMMENT '更新时间',
  `remark` varchar(500) CHARACTER SET utf8mb4 COLLATE utf8mb4_general_ci DEFAULT NULL COMMENT '备注',
  `del_flag` char(1) CHARACTER SET utf8mb4 COLLATE utf8mb4_general_ci NOT NULL DEFAULT '0' COMMENT '删除标志',
  PRIMARY KEY (`table_id`) USING BTREE,
  UNIQUE KEY `gen_table_id` (`table_id`) USING BTREE COMMENT 'unique'
) ENGINE=InnoDB AUTO_INCREMENT=38 DEFAULT CHARSET=utf8mb4 COLLATE=utf8mb4_general_ci COMMENT='代码生成业务表';

INSERT INTO `gen_table` (`table_id`, `table_name`, `table_comment`, `sub_table_name`, `sub_table_fk_name`, `class_name`, `tpl_category`, `tpl_web_type`, `package_name`, `module_name`, `business_name`, `function_name`, `function_author`, `gen_type`, `gen_path`, `options`, `create_by`, `create_time`, `update_by`, `update_time`, `remark`, `del_flag`) VALUES
(31,	'car_driver',	'司机信息',	NULL,	NULL,	'CarDriver',	'crud',	'element-plus',	'module_admin',	'car',	'driver',	'司机信息',	'FluxAdmin',	'0',	'/',	'{\"parentMenuId\": 2028}',	'',	'2025-02-22 23:57:18',	'',	'2025-02-22 23:57:18',	NULL,	'0'),
(32,	'sys_form',	'系统表单',	NULL,	NULL,	'SysForm',	'crud',	'element-plus',	'module_admin',	'sys',	'form',	'系统表单',	'FluxAdmin',	'0',	'/',	'{\"parentMenuId\": 3}',	'',	'2025-03-07 09:55:03',	'',	'2025-03-07 09:55:03',	NULL,	'0'),
(33,	'sys_form_data',	'系统表单',	NULL,	NULL,	'SysFormData',	'crud',	'element-plus',	'module_admin',	'sys',	'form_data',	'表单数据',	'FluxAdmin',	'0',	'/',	'{\"parentMenuId\": 3}',	'',	'2025-03-07 09:55:03',	'',	'2025-03-07 09:55:03',	NULL,	'0'),
(34,	'sys_table',	'表格管理',	NULL,	NULL,	'SysTable',	'crud',	'',	'module_admin',	'sys',	'table',	'表格管理',	'FluxAdmin',	'0',	'/',	NULL,	'',	'2025-03-10 09:37:28',	'',	'2025-03-10 09:37:28',	NULL,	'0'),
(37,	'student_info',	'学生信息表',	NULL,	NULL,	'StudentInfo',	'crud',	'element-plus',	'module_admin',	'student',	'info',	'学生信息表',	'FluxAdmin',	'0',	'/',	'{\"parentMenuId\": 2028}',	'',	'2025-03-23 13:45:11',	'',	'2025-03-23 13:45:11',	NULL,	'0');

DROP TABLE IF EXISTS `gen_table_column`;
CREATE TABLE `gen_table_column` (
  `column_id` bigint NOT NULL AUTO_INCREMENT COMMENT '编号',
  `table_id` bigint DEFAULT NULL COMMENT '归属表编号',
  `column_name` varchar(200) CHARACTER SET utf8mb4 COLLATE utf8mb4_general_ci DEFAULT NULL COMMENT '列名称',
  `column_comment` varchar(500) CHARACTER SET utf8mb4 COLLATE utf8mb4_general_ci DEFAULT NULL COMMENT '列描述',
  `column_type` varchar(100) CHARACTER SET utf8mb4 COLLATE utf8mb4_general_ci DEFAULT NULL COMMENT '列类型',
  `python_type` varchar(500) CHARACTER SET utf8mb4 COLLATE utf8mb4_general_ci DEFAULT NULL COMMENT 'JAVA类型',
  `python_field` varchar(200) CHARACTER SET utf8mb4 COLLATE utf8mb4_general_ci DEFAULT NULL COMMENT 'JAVA字段名',
  `is_pk` char(1) CHARACTER SET utf8mb4 COLLATE utf8mb4_general_ci DEFAULT NULL COMMENT '是否主键（1是）',
  `is_increment` char(1) CHARACTER SET utf8mb4 COLLATE utf8mb4_general_ci DEFAULT NULL COMMENT '是否自增（1是）',
  `is_required` char(1) CHARACTER SET utf8mb4 COLLATE utf8mb4_general_ci DEFAULT NULL COMMENT '是否必填（1是）',
  `is_insert` char(1) CHARACTER SET utf8mb4 COLLATE utf8mb4_general_ci DEFAULT NULL COMMENT '是否为插入字段（1是）',
  `is_edit` char(1) CHARACTER SET utf8mb4 COLLATE utf8mb4_general_ci DEFAULT NULL COMMENT '是否编辑字段（1是）',
  `is_list` char(1) CHARACTER SET utf8mb4 COLLATE utf8mb4_general_ci DEFAULT NULL COMMENT '是否列表字段（1是）',
  `is_query` char(1) CHARACTER SET utf8mb4 COLLATE utf8mb4_general_ci DEFAULT NULL COMMENT '是否查询字段（1是）',
  `query_type` varchar(200) CHARACTER SET utf8mb4 COLLATE utf8mb4_general_ci DEFAULT 'EQ' COMMENT '查询方式（等于、不等于、大于、小于、范围）',
  `html_type` varchar(200) CHARACTER SET utf8mb4 COLLATE utf8mb4_general_ci DEFAULT NULL COMMENT '显示类型（文本框、文本域、下拉框、复选框、单选框、日期控件）',
  `dict_type` varchar(200) CHARACTER SET utf8mb4 COLLATE utf8mb4_general_ci DEFAULT '' COMMENT '字典类型',
  `sort` int DEFAULT NULL COMMENT '排序',
  `create_by` varchar(64) CHARACTER SET utf8mb4 COLLATE utf8mb4_general_ci DEFAULT '' COMMENT '创建者',
  `create_time` datetime NOT NULL ON UPDATE CURRENT_TIMESTAMP COMMENT '创建时间',
  `update_by` varchar(64) CHARACTER SET utf8mb4 COLLATE utf8mb4_general_ci DEFAULT '' COMMENT '更新者',
  `update_time` datetime NOT NULL ON UPDATE CURRENT_TIMESTAMP COMMENT '更新时间',
  `del_flag` char(1) CHARACTER SET utf8mb4 COLLATE utf8mb4_general_ci NOT NULL DEFAULT '0' COMMENT '删除标志',
  PRIMARY KEY (`column_id`) USING BTREE
) ENGINE=InnoDB AUTO_INCREMENT=457 DEFAULT CHARSET=utf8mb4 COLLATE=utf8mb4_general_ci COMMENT='代码生成业务表字段';

INSERT INTO `gen_table_column` (`column_id`, `table_id`, `column_name`, `column_comment`, `column_type`, `python_type`, `python_field`, `is_pk`, `is_increment`, `is_required`, `is_insert`, `is_edit`, `is_list`, `is_query`, `query_type`, `html_type`, `dict_type`, `sort`, `create_by`, `create_time`, `update_by`, `update_time`, `del_flag`) VALUES
(366,	31,	'id',	'id',	'int(11)',	'int',	'id',	'1',	'1',	'0',	NULL,	NULL,	NULL,	NULL,	'EQ',	'input',	'',	1,	'',	'2025-03-05 22:21:45',	'',	'2025-03-05 22:21:46',	'0'),
(367,	31,	'create_time',	'创建时间',	'datetime',	'datetime',	'create_time',	'0',	'0',	'0',	NULL,	NULL,	NULL,	NULL,	'EQ',	'datetime',	'',	2,	'',	'2025-03-05 22:21:45',	'',	'2025-03-05 22:21:46',	'0'),
(368,	31,	'update_time',	'更新时间',	'datetime',	'datetime',	'update_time',	'0',	'0',	'0',	NULL,	NULL,	'1',	NULL,	'EQ',	'datetime',	'',	3,	'',	'2025-03-05 22:21:45',	'',	'2025-03-05 22:21:46',	'0'),
(369,	31,	'del_flag',	'删除标志',	'char(1)',	'str',	'del_flag',	'0',	'0',	'0',	NULL,	NULL,	NULL,	NULL,	'EQ',	'input',	'',	4,	'',	'2025-03-05 22:21:45',	'',	'2025-03-05 22:21:46',	'0'),
(370,	31,	'create_by',	'创建者',	'int(11)',	'int',	'create_by',	'0',	'0',	'0',	NULL,	NULL,	NULL,	NULL,	'EQ',	'input',	'',	5,	'',	'2025-03-05 22:21:45',	'',	'2025-03-05 22:21:46',	'0'),
(371,	31,	'dept_id',	'部门id',	'int(11)',	'int',	'dept_id',	'0',	'0',	'0',	NULL,	NULL,	NULL,	NULL,	'EQ',	'input',	'',	6,	'',	'2025-03-05 22:21:45',	'',	'2025-03-05 22:21:46',	'0'),
(372,	31,	'name',	'司机名称',	'varchar(255)',	'str',	'name',	'0',	'0',	'1',	'1',	'1',	'1',	'1',	'LIKE',	'input',	'',	7,	'',	'2025-03-05 22:21:45',	'',	'2025-03-05 22:21:46',	'0'),
(373,	31,	'age',	'年龄',	'int(11)',	'int',	'age',	'0',	'0',	'1',	'1',	'1',	'1',	'0',	'EQ',	'input',	'',	8,	'',	'2025-03-05 22:21:45',	'',	'2025-03-05 22:21:46',	'0'),
(374,	31,	'driver_years',	'驾龄',	'int(11)',	'int',	'driver_years',	'0',	'0',	'1',	'1',	'1',	'1',	'1',	'EQ',	'input',	'',	9,	'',	'2025-03-05 22:21:45',	'',	'2025-03-05 22:21:46',	'0'),
(375,	31,	'image',	'图片',	'varchar(255)',	'str',	'image',	'0',	'0',	'0',	'1',	'1',	'1',	'0',	'EQ',	'imageUpload',	'',	10,	'',	'2025-03-05 22:21:45',	'',	'2025-03-05 22:21:46',	'0'),
(376,	31,	'location',	'所在位置',	'varchar(255)',	'str',	'location',	'0',	'0',	'0',	'1',	'1',	'1',	'0',	'EQ',	'input',	'',	11,	'',	'2025-03-05 22:21:45',	'',	'2025-03-05 22:21:46',	'0'),
(377,	31,	'price',	'价格',	'decimal(10,2)',	'float',	'price',	'0',	'0',	'0',	'1',	'1',	'1',	'0',	'EQ',	'input',	'',	12,	'',	'2025-03-05 22:21:45',	'',	'2025-03-05 22:21:46',	'0'),
(378,	31,	'car_type',	'车辆类型',	'int(11)',	'int',	'car_type',	'0',	'0',	'1',	'1',	'1',	'1',	'1',	'EQ',	'select',	'car_type',	13,	'',	'2025-03-05 22:21:45',	'',	'2025-03-05 22:21:46',	'0'),
(379,	32,	'id',	'id',	'int(11)',	'int',	'id',	'1',	'1',	'0',	NULL,	NULL,	NULL,	NULL,	'EQ',	'input',	'',	1,	'',	'2025-03-07 09:55:03',	'',	'2025-03-07 09:55:03',	'0'),
(380,	32,	'create_time',	'创建时间',	'datetime',	'datetime',	'create_time',	'0',	'0',	'0',	NULL,	NULL,	'1',	NULL,	'EQ',	'datetime',	'',	2,	'',	'2025-03-07 09:55:03',	'',	'2025-03-07 09:55:03',	'0'),
(381,	32,	'update_time',	'更新时间',	'datetime',	'datetime',	'update_time',	'0',	'0',	'0',	NULL,	NULL,	'1',	NULL,	'EQ',	'datetime',	'',	3,	'',	'2025-03-07 09:55:03',	'',	'2025-03-07 09:55:03',	'0'),
(382,	32,	'del_flag',	'删除标志',	'char(1)',	'str',	'del_flag',	'0',	'0',	'0',	NULL,	NULL,	NULL,	NULL,	'EQ',	'input',	'',	4,	'',	'2025-03-07 09:55:03',	'',	'2025-03-07 09:55:03',	'0'),
(383,	32,	'create_by',	'创建者',	'int(11)',	'int',	'create_by',	'0',	'0',	'1',	NULL,	NULL,	NULL,	NULL,	'EQ',	'input',	'',	5,	'',	'2025-03-07 09:55:03',	'',	'2025-03-07 09:55:03',	'0'),
(384,	32,	'dept_id',	'部门id',	'int(11)',	'int',	'dept_id',	'0',	'0',	'1',	NULL,	NULL,	NULL,	NULL,	'EQ',	'input',	'',	6,	'',	'2025-03-07 09:55:03',	'',	'2025-03-07 09:55:03',	'0'),
(385,	32,	'name',	'表单名称',	'varchar(255)',	'str',	'name',	'0',	'0',	'1',	'1',	'1',	'1',	'1',	'LIKE',	'input',	'',	7,	'',	'2025-03-07 09:55:03',	'',	'2025-03-07 09:55:03',	'0'),
(386,	32,	'content',	'表单代码',	'text',	'str',	'content',	'0',	'0',	'1',	'1',	'1',	'0',	'0',	'EQ',	'textarea',	'',	8,	'',	'2025-03-07 09:55:03',	'',	'2025-03-07 09:55:03',	'0'),
(387,	32,	'form_data',	'表单内容',	'text',	'str',	'form_data',	'0',	'0',	'1',	'1',	'1',	'0',	'0',	'EQ',	'textarea',	'',	9,	'',	'2025-03-07 09:55:03',	'',	'2025-03-07 09:55:03',	'0'),
(388,	32,	'form_conf',	'表单配置',	'text',	'str',	'form_conf',	'0',	'0',	'1',	'1',	'1',	'0',	'0',	'EQ',	'textarea',	'',	10,	'',	'2025-03-07 09:55:03',	'',	'2025-03-07 09:55:03',	'0'),
(389,	32,	'generate_conf',	'生成配置',	'text',	'str',	'generate_conf',	'0',	'0',	'1',	'1',	'1',	'1',	'0',	'EQ',	'textarea',	'',	11,	'',	'2025-03-07 09:55:03',	'',	'2025-03-07 09:55:03',	'0'),
(390,	33,	'id',	'id',	'int(11)',	'int',	'id',	'1',	'1',	'0',	NULL,	NULL,	NULL,	NULL,	'EQ',	'input',	'',	1,	'',	'2025-03-07 09:55:03',	'',	'2025-03-07 09:55:03',	'0'),
(391,	33,	'create_time',	'创建时间',	'datetime',	'datetime',	'create_time',	'0',	'0',	'0',	NULL,	NULL,	'1',	NULL,	'EQ',	'datetime',	'',	2,	'',	'2025-03-07 09:55:03',	'',	'2025-03-07 09:55:03',	'0'),
(392,	33,	'update_time',	'更新时间',	'datetime',	'datetime',	'update_time',	'0',	'0',	'0',	NULL,	NULL,	'0',	NULL,	'EQ',	'datetime',	'',	3,	'',	'2025-03-07 09:55:03',	'',	'2025-03-07 09:55:03',	'0'),
(393,	33,	'del_flag',	'删除标志',	'char(1)',	'str',	'del_flag',	'0',	'0',	'0',	NULL,	NULL,	NULL,	NULL,	'EQ',	'input',	'',	4,	'',	'2025-03-07 09:55:03',	'',	'2025-03-07 09:55:03',	'0'),
(394,	33,	'create_by',	'创建者',	'int(11)',	'int',	'create_by',	'0',	'0',	'1',	NULL,	NULL,	NULL,	NULL,	'EQ',	'input',	'',	5,	'',	'2025-03-07 09:55:03',	'',	'2025-03-07 09:55:03',	'0'),
(395,	33,	'dept_id',	'部门id',	'int(11)',	'int',	'dept_id',	'0',	'0',	'1',	NULL,	NULL,	NULL,	NULL,	'EQ',	'input',	'',	6,	'',	'2025-03-07 09:55:03',	'',	'2025-03-07 09:55:03',	'0'),
(396,	33,	'form_name',	'表单名称',	'varchar(255)',	'str',	'form_name',	'0',	'0',	'1',	'1',	'1',	'1',	'1',	'EQ',	'input',	'',	7,	'',	'2025-03-07 09:55:03',	'',	'2025-03-07 09:55:03',	'0'),
(397,	33,	'form_data',	'表单数据',	'text',	'str',	'form_data',	'0',	'0',	'1',	'1',	'1',	'1',	'1',	'EQ',	'textarea',	'',	8,	'',	'2025-03-07 09:55:04',	'',	'2025-03-07 09:55:04',	'0'),
(398,	33,	'form_id',	'表单ID',	'int(11)',	'int',	'form_id',	'0',	'0',	'1',	'1',	'1',	'1',	'1',	'EQ',	'input',	'',	9,	'',	'2025-03-07 09:55:04',	'',	'2025-03-07 09:55:04',	'0'),
(399,	34,	'id',	'ID',	'int(11)',	'int',	'id',	'1',	'1',	'0',	NULL,	NULL,	NULL,	NULL,	'EQ',	'input',	'',	1,	'',	'2025-03-10 09:37:28',	'',	'2025-03-10 09:37:28',	'0'),
(400,	34,	'create_time',	'创建时间',	'datetime',	'datetime',	'create_time',	'0',	'0',	'0',	NULL,	NULL,	NULL,	NULL,	'EQ',	'datetime',	'',	2,	'',	'2025-03-10 09:37:28',	'',	'2025-03-10 09:37:28',	'0'),
(401,	34,	'update_time',	'更新时间',	'datetime',	'datetime',	'update_time',	'0',	'0',	'0',	NULL,	NULL,	'1',	NULL,	'EQ',	'datetime',	'',	3,	'',	'2025-03-10 09:37:28',	'',	'2025-03-10 09:37:28',	'0'),
(402,	34,	'del_flag',	'删除标志',	'char(1)',	'str',	'del_flag',	'0',	'0',	'1',	NULL,	NULL,	NULL,	NULL,	'EQ',	'input',	'',	4,	'',	'2025-03-10 09:37:28',	'',	'2025-03-10 09:37:28',	'0'),
(403,	34,	'update_by',	'更新者',	'int(11)',	'int',	'update_by',	'0',	'0',	'0',	'1',	'1',	NULL,	NULL,	'EQ',	'input',	'',	5,	'',	'2025-03-10 09:37:28',	'',	'2025-03-10 09:37:28',	'0'),
(404,	34,	'update_by_name',	'更新者',	'varchar(255)',	'str',	'update_by_name',	'0',	'0',	'0',	'1',	'1',	'1',	'1',	'EQ',	'input',	'',	6,	'',	'2025-03-10 09:37:28',	'',	'2025-03-10 09:37:28',	'0'),
(405,	34,	'table_name',	'表名',	'varchar(255)',	'str',	'table_name',	'0',	'0',	'1',	'1',	'1',	'1',	'1',	'EQ',	'input',	'',	7,	'',	'2025-03-10 09:37:28',	'',	'2025-03-10 09:37:28',	'0'),
(406,	34,	'field_name',	'字段名',	'varchar(255)',	'str',	'field_name',	'0',	'0',	'1',	'1',	'1',	'1',	'1',	'EQ',	'input',	'',	8,	'',	'2025-03-10 09:37:28',	'',	'2025-03-10 09:37:28',	'0'),
(407,	34,	'show',	'可见',	'char(1)',	'str',	'show',	'0',	'0',	'1',	'1',	'1',	'1',	'1',	'EQ',	'input',	'',	9,	'',	'2025-03-10 09:37:28',	'',	'2025-03-10 09:37:28',	'0'),
(408,	34,	'prop',	'属性（驼峰值）',	'varchar(255)',	'str',	'prop',	'0',	'0',	'1',	'1',	'1',	'1',	'1',	'EQ',	'input',	'',	10,	'',	'2025-03-10 09:37:28',	'',	'2025-03-10 09:37:28',	'0'),
(409,	34,	'label',	'字段标签',	'varchar(255)',	'str',	'label',	'0',	'0',	'1',	'1',	'1',	'1',	'1',	'EQ',	'input',	'',	11,	'',	'2025-03-10 09:37:28',	'',	'2025-03-10 09:37:28',	'0'),
(410,	34,	'sortable',	'可排序',	'char(1)',	'str',	'sortable',	'0',	'0',	'1',	'1',	'1',	'1',	'1',	'EQ',	'input',	'',	12,	'',	'2025-03-10 09:37:28',	'',	'2025-03-10 09:37:28',	'0'),
(411,	34,	'width',	'宽度',	'int(11)',	'int',	'width',	'0',	'0',	'1',	'1',	'1',	'1',	'1',	'EQ',	'input',	'',	13,	'',	'2025-03-10 09:37:28',	'',	'2025-03-10 09:37:28',	'0'),
(412,	34,	'label_tip',	'字段标签解释',	'varchar(255)',	'str',	'label_tip',	'0',	'0',	'0',	'1',	'1',	'1',	'1',	'EQ',	'input',	'',	14,	'',	'2025-03-10 09:37:28',	'',	'2025-03-10 09:37:28',	'0'),
(413,	34,	'fixed',	'固定表头',	'char(1)',	'str',	'fixed',	'0',	'0',	'1',	'1',	'1',	'1',	'1',	'EQ',	'input',	'',	15,	'',	'2025-03-10 09:37:28',	'',	'2025-03-10 09:37:28',	'0'),
(414,	34,	'align',	'对其方式',	'varchar(255)',	'str',	'align',	'0',	'0',	'1',	'1',	'1',	'1',	'1',	'EQ',	'input',	'',	16,	'',	'2025-03-10 09:37:28',	'',	'2025-03-10 09:37:28',	'0'),
(415,	34,	'tooltip',	'超出隐藏',	'char(1)',	'str',	'tooltip',	'0',	'0',	'1',	'1',	'1',	'1',	'1',	'EQ',	'input',	'',	17,	'',	'2025-03-10 09:37:28',	'',	'2025-03-10 09:37:28',	'0'),
(416,	34,	'sequence',	'字段顺序',	'int(11)',	'int',	'sequence',	'0',	'0',	'1',	'1',	'1',	'1',	'1',	'EQ',	'input',	'',	18,	'',	'2025-03-10 09:37:28',	'',	'2025-03-10 09:37:28',	'0'),
(444,	37,	'id',	'ID',	'int unsigned',	'int',	'id',	'1',	'1',	'0',	NULL,	NULL,	NULL,	NULL,	'EQ',	NULL,	'',	1,	'',	'2025-03-23 13:45:11',	'',	'2025-03-23 13:45:11',	'0'),
(445,	37,	'create_time',	'创建时间',	'datetime',	'datetime',	'create_time',	'0',	'0',	'0',	NULL,	NULL,	NULL,	NULL,	'EQ',	'datetime',	'',	2,	'',	'2025-03-23 13:45:11',	'',	'2025-03-23 13:45:11',	'0'),
(446,	37,	'update_time',	'更新时间',	'datetime',	'datetime',	'update_time',	'0',	'0',	'0',	NULL,	NULL,	'1',	NULL,	'EQ',	'datetime',	'',	3,	'',	'2025-03-23 13:45:11',	'',	'2025-03-23 13:45:11',	'0'),
(447,	37,	'dept_id',	'部门id',	'int',	'int',	'dept_id',	'0',	'0',	'1',	NULL,	NULL,	NULL,	NULL,	'EQ',	'input',	'',	4,	'',	'2025-03-23 13:45:11',	'',	'2025-03-23 13:45:11',	'0'),
(448,	37,	'del_flag',	'删除标志',	'char(1)',	'str',	'del_flag',	'0',	'0',	'0',	NULL,	NULL,	NULL,	NULL,	'EQ',	'input',	'',	5,	'',	'2025-03-23 13:45:11',	'',	'2025-03-23 13:45:11',	'0'),
(449,	37,	'create_by',	'创建者',	'int',	'int',	'create_by',	'0',	'0',	'1',	NULL,	NULL,	NULL,	NULL,	'EQ',	'input',	'',	6,	'',	'2025-03-23 13:45:11',	'',	'2025-03-23 13:45:11',	'0'),
(450,	37,	'name',	'姓名',	'varchar(50)',	'str',	'name',	'0',	'0',	'1',	'1',	'1',	'1',	'1',	'EQ',	'input',	'',	7,	'',	'2025-03-23 13:45:11',	'',	'2025-03-23 13:45:11',	'0'),
(451,	37,	'gender',	'性别',	'char(1)',	'str',	'gender',	'0',	'0',	'1',	'1',	'1',	'1',	'1',	'EQ',	'select',	'sys_user_sex',	8,	'',	'2025-03-23 13:45:11',	'',	'2025-03-23 13:45:11',	'0'),
(452,	37,	'major',	'专业',	'varchar(100)',	'str',	'major',	'0',	'0',	'0',	'1',	'1',	'1',	'0',	'EQ',	'input',	'',	9,	'',	'2025-03-23 13:45:11',	'',	'2025-03-23 13:45:11',	'0'),
(453,	37,	'class_name',	'班级',	'varchar(50)',	'str',	'class_name',	'0',	'0',	'0',	'1',	'1',	'1',	'0',	'EQ',	'input',	'',	10,	'',	'2025-03-23 13:45:11',	'',	'2025-03-23 13:45:11',	'0'),
(454,	37,	'date_of_birth',	'出生日期',	'datetime',	'datetime',	'date_of_birth',	'0',	'0',	'0',	'1',	'1',	'1',	'0',	'EQ',	'datetime',	'',	11,	'',	'2025-03-23 13:45:11',	'',	'2025-03-23 13:45:11',	'0'),
(455,	37,	'phone_number',	'联系电话',	'varchar(20)',	'str',	'phone_number',	'0',	'0',	'0',	'1',	'1',	'1',	'1',	'EQ',	'input',	'',	12,	'',	'2025-03-23 13:45:11',	'',	'2025-03-23 13:45:11',	'0'),
(456,	37,	'email',	'电子邮箱',	'varchar(100)',	'str',	'email',	'0',	'0',	'0',	'1',	'1',	'1',	'0',	'EQ',	'input',	'',	13,	'',	'2025-03-23 13:45:11',	'',	'2025-03-23 13:45:11',	'0');

DROP TABLE IF EXISTS `history`;
CREATE TABLE `history` (
  `image` varchar(200) CHARACTER SET utf8mb4 COLLATE utf8mb4_general_ci DEFAULT NULL COMMENT '图像',
  `lat` float DEFAULT NULL COMMENT '纬度',
  `lng` float DEFAULT NULL COMMENT '经度',
  `location` text CHARACTER SET utf8mb4 COLLATE utf8mb4_general_ci COMMENT '地点',
  `predclass` text CHARACTER SET utf8mb4 COLLATE utf8mb4_general_ci COMMENT '预测类别',
  `predlabel` text CHARACTER SET utf8mb4 COLLATE utf8mb4_general_ci COMMENT '预测标签',
  `predscore` float DEFAULT NULL COMMENT '预测分数',
  `reportid` bigint NOT NULL COMMENT '上报ID',
  `time` text CHARACTER SET utf8mb4 COLLATE utf8mb4_general_ci COMMENT '时间',
  `update_by` varchar(64) CHARACTER SET utf8mb4 COLLATE utf8mb4_general_ci DEFAULT NULL COMMENT '更新者',
  `id` int NOT NULL AUTO_INCREMENT,
  `create_time` datetime DEFAULT NULL COMMENT '创建时间',
  `update_time` datetime DEFAULT NULL COMMENT '更新时间',
  `del_flag` varchar(1) CHARACTER SET utf8mb4 COLLATE utf8mb4_general_ci NOT NULL DEFAULT '0' COMMENT '删除标志（0代表存在 2代表删除）',
  `create_by` varchar(64) CHARACTER SET utf8mb4 COLLATE utf8mb4_general_ci DEFAULT NULL COMMENT '创建者',
  `dept_id` int DEFAULT NULL COMMENT '部门id',
  PRIMARY KEY (`id`),
  KEY `ix_history_update_time` (`update_time`),
  KEY `id` (`id`),
  KEY `reportid` (`reportid`),
  CONSTRAINT `history_ibfk_1` FOREIGN KEY (`reportid`) REFERENCES `sys_user` (`user_id`)
) ENGINE=InnoDB DEFAULT CHARSET=utf8mb4 COLLATE=utf8mb4_general_ci;


DROP TABLE IF EXISTS `student_info`;
CREATE TABLE `student_info` (
  `id` int unsigned NOT NULL AUTO_INCREMENT COMMENT 'ID',
  `create_time` datetime DEFAULT NULL COMMENT '创建时间',
  `update_time` datetime DEFAULT NULL ON UPDATE CURRENT_TIMESTAMP COMMENT '更新时间',
  `dept_id` int NOT NULL COMMENT '部门id',
  `del_flag` char(1) CHARACTER SET utf8mb4 COLLATE utf8mb4_general_ci DEFAULT '0' COMMENT '删除标志',
  `create_by` int NOT NULL COMMENT '创建者',
  `name` varchar(50) CHARACTER SET utf8mb4 COLLATE utf8mb4_general_ci NOT NULL COMMENT '姓名',
  `gender` char(1) CHARACTER SET utf8mb4 COLLATE utf8mb4_general_ci NOT NULL COMMENT '性别',
  `major` varchar(100) CHARACTER SET utf8mb4 COLLATE utf8mb4_general_ci DEFAULT NULL COMMENT '专业',
  `class_name` varchar(50) CHARACTER SET utf8mb4 COLLATE utf8mb4_general_ci DEFAULT NULL COMMENT '班级',
  `date_of_birth` datetime DEFAULT NULL COMMENT '出生日期',
  `phone_number` varchar(20) CHARACTER SET utf8mb4 COLLATE utf8mb4_general_ci DEFAULT NULL COMMENT '联系电话',
  `email` varchar(100) CHARACTER SET utf8mb4 COLLATE utf8mb4_general_ci DEFAULT NULL COMMENT '电子邮箱',
  PRIMARY KEY (`id`)
) ENGINE=InnoDB AUTO_INCREMENT=176 DEFAULT CHARSET=utf8mb4 COLLATE=utf8mb4_general_ci COMMENT='学生信息表';

INSERT INTO `student_info` (`id`, `create_time`, `update_time`, `dept_id`, `del_flag`, `create_by`, `name`, `gender`, `major`, `class_name`, `date_of_birth`, `phone_number`, `email`) VALUES
(1,	'2025-03-23 13:54:37',	'2025-03-23 13:54:37',	100,	'0',	1,	'张三',	'0',	'计算机科学',	'CS2025',	'2002-05-10 00:00:00',	'13800000001',	'zhangsan@example.com'),
(2,	'2025-03-23 13:54:37',	'2025-03-23 13:54:37',	100,	'0',	2,	'李四',	'1',	'软件工程',	'SE2024',	'2003-08-15 00:00:00',	'13800000002',	'lisi@example.com'),
(3,	'2025-03-23 13:54:37',	'2025-03-23 13:54:37',	100,	'0',	1,	'王五',	'0',	'电子信息',	'EE2023',	'2001-11-20 00:00:00',	'13800000003',	'wangwu@example.com'),
(4,	'2025-03-23 13:54:37',	'2025-03-23 13:54:37',	100,	'0',	3,	'赵六',	'1',	'数据科学',	'DS2025',	'2004-03-05 00:00:00',	'13800000004',	'zhaoliu@example.com'),
(5,	'2025-03-23 13:54:37',	'2025-03-23 13:54:37',	100,	'0',	2,	'孙七',	'0',	'自动化',	'AU2024',	'2003-06-18 00:00:00',	'13800000005',	'sunqi@example.com'),
(6,	'2025-03-23 13:54:37',	'2025-03-23 13:54:37',	100,	'0',	1,	'周八',	'1',	'网络工程',	'NE2023',	'2002-09-22 00:00:00',	'13800000006',	'zhouba@example.com'),
(7,	'2025-03-23 13:54:37',	'2025-03-23 13:54:37',	100,	'0',	3,	'吴九',	'0',	'人工智能',	'AI2025',	'2004-12-10 00:00:00',	'13800000007',	'wujie@example.com'),
(8,	'2025-03-23 13:54:37',	'2025-03-23 13:54:37',	100,	'0',	2,	'郑十',	'1',	'信息安全',	'IS2024',	'2003-01-30 00:00:00',	'13800000008',	'zhengshi@example.com'),
(9,	'2025-03-23 13:54:37',	'2025-03-23 13:54:37',	100,	'0',	1,	'钱十一',	'0',	'计算机科学',	'CS2023',	'2002-04-15 00:00:00',	'13800000009',	'qianshiyi@example.com'),
(10,	'2025-03-23 13:54:37',	'2025-03-23 13:54:37',	100,	'0',	2,	'吴十二',	'1',	'软件工程',	'SE2025',	'2004-07-25 00:00:00',	'13800000010',	'wushier@example.com'),
(11,	'2025-03-23 13:54:37',	'2025-03-23 13:54:37',	100,	'0',	3,	'冯十三',	'0',	'电子信息',	'EE2024',	'2003-10-12 00:00:00',	'13800000011',	'fengshisan@example.com'),
(12,	'2025-03-23 13:54:37',	'2025-03-23 13:54:37',	100,	'0',	1,	'陈十四',	'1',	'数据科学',	'DS2023',	'2002-02-08 00:00:00',	'13800000012',	'chenshisi@example.com'),
(13,	'2025-03-23 13:54:37',	'2025-03-23 13:54:37',	100,	'0',	2,	'褚十五',	'0',	'自动化',	'AU2025',	'2004-05-17 00:00:00',	'13800000013',	'chushiwuwu@example.com'),
(14,	'2025-03-23 13:54:37',	'2025-03-23 13:54:37',	100,	'0',	3,	'卫十六',	'1',	'网络工程',	'NE2024',	'2003-08-23 00:00:00',	'13800000014',	'weishiliu@example.com'),
(15,	'2025-03-23 13:54:37',	'2025-03-23 13:54:37',	100,	'0',	1,	'蒋十七',	'0',	'人工智能',	'AI2023',	'2002-11-29 00:00:00',	'13800000015',	'jiangshiqi@example.com'),
(16,	'2025-03-23 13:54:37',	'2025-03-23 13:54:37',	100,	'0',	2,	'沈十八',	'1',	'信息安全',	'IS2025',	'2004-03-04 00:00:00',	'13800000016',	'shenshiba@example.com'),
(17,	'2025-03-23 13:54:37',	'2025-03-23 13:54:37',	100,	'0',	3,	'韩十九',	'0',	'计算机科学',	'CS2024',	'2003-06-14 00:00:00',	'13800000017',	'hanshijiu@example.com'),
(18,	'2025-03-23 13:54:37',	'2025-03-23 13:54:37',	100,	'0',	1,	'杨二十',	'1',	'软件工程',	'SE2023',	'2002-09-18 00:00:00',	'13800000018',	'yangershi@example.com'),
(19,	'2025-03-23 13:54:37',	'2025-03-23 13:54:37',	100,	'0',	2,	'朱二一',	'0',	'电子信息',	'EE2025',	'2004-12-25 00:00:00',	'13800000019',	'zhueri@example.com'),
(20,	'2025-03-23 13:54:37',	'2025-03-23 13:54:37',	100,	'0',	3,	'秦二二',	'1',	'数据科学',	'DS2024',	'2003-01-20 00:00:00',	'13800000020',	'qinershi@example.com'),
(21,	'2025-03-23 13:54:37',	'2025-03-23 13:54:37',	100,	'0',	1,	'尤二三',	'0',	'自动化',	'AU2023',	'2002-04-11 00:00:00',	'13800000021',	'youersan@example.com'),
(22,	'2025-03-23 13:54:37',	'2025-03-23 13:54:37',	100,	'0',	2,	'许二四',	'1',	'网络工程',	'NE2025',	'2004-07-08 00:00:00',	'13800000022',	'xuershi@example.com'),
(23,	'2025-03-23 13:54:37',	'2025-03-23 13:54:37',	100,	'0',	3,	'何二五',	'0',	'人工智能',	'AI2024',	'2003-10-02 00:00:00',	'13800000023',	'heershi@example.com'),
(24,	'2025-03-23 13:54:37',	'2025-03-23 13:54:37',	100,	'0',	1,	'吕二六',	'1',	'信息安全',	'IS2023',	'2002-02-18 00:00:00',	'13800000024',	'luershi@example.com'),
(126,	'2025-03-24 20:29:50',	'2025-03-24 20:29:50',	103,	'0',	1,	'施二七',	'0',	'数学系',	'CS2025',	'2004-05-28 00:00:00',	'13800000025',	'shiershi@example.com'),
(127,	'2025-03-24 20:29:50',	'2025-03-24 20:29:50',	103,	'0',	1,	'张三',	'0',	'数学系',	'CS2025',	'2002-05-10 00:00:00',	'13800000001',	'zhangsan@example.com'),
(128,	'2025-03-24 20:29:50',	'2025-03-24 20:29:50',	103,	'0',	1,	'李四',	'1',	'数学系',	'SE2024',	'2003-08-15 00:00:00',	'13800000002',	'lisi@example.com'),
(129,	'2025-03-24 20:29:50',	'2025-03-24 20:29:50',	103,	'0',	1,	'王五',	'0',	'数学系',	'EE2023',	'2001-11-20 00:00:00',	'13800000003',	'wangwu@example.com'),
(130,	'2025-03-24 20:29:50',	'2025-03-24 20:29:50',	103,	'0',	1,	'赵六',	'1',	'数学系',	'DS2025',	'2004-03-05 00:00:00',	'13800000004',	'zhaoliu@example.com'),
(131,	'2025-03-24 20:29:50',	'2025-03-24 20:29:50',	103,	'0',	1,	'孙七',	'0',	'数学系',	'AU2024',	'2003-06-18 00:00:00',	'13800000005',	'sunqi@example.com'),
(132,	'2025-03-24 20:29:50',	'2025-03-27 17:36:34',	103,	'0',	1,	'周八皮',	'1',	'数学系',	'NE2023',	'2002-09-22 00:00:00',	'13800000006',	'zhouba@example.com'),
(133,	'2025-03-24 20:29:50',	'2025-03-24 20:29:50',	103,	'0',	1,	'吴九',	'0',	'数学系',	'AI2025',	'2004-12-10 00:00:00',	'13800000007',	'wujie@example.com'),
(134,	'2025-03-24 20:29:50',	'2025-03-24 20:29:50',	103,	'0',	1,	'郑十',	'0',	'数学系',	'IS2024',	'2003-01-30 00:00:00',	'13800000008',	'zhengshi@example.com'),
(135,	'2025-03-24 20:29:50',	'2025-03-24 20:29:50',	103,	'0',	1,	'吕二六',	'1',	'数学系',	'IS2023',	'2002-02-18 00:00:00',	'13800000024',	'luershi@example.com'),
(136,	'2025-03-24 20:29:50',	'2025-03-24 20:29:50',	103,	'0',	1,	'何二五',	'0',	'数学系',	'AI2024',	'2003-10-02 00:00:00',	'13800000023',	'heershi@example.com'),
(137,	'2025-03-24 20:29:50',	'2025-03-24 20:29:50',	103,	'0',	1,	'许二四',	'1',	'数学系',	'NE2025',	'2004-07-08 00:00:00',	'13800000022',	'xuershi@example.com'),
(138,	'2025-03-24 20:29:50',	'2025-03-24 20:29:50',	103,	'0',	1,	'尤二三',	'0',	'数学系',	'AU2023',	'2002-04-11 00:00:00',	'13800000021',	'youersan@example.com'),
(139,	'2025-03-24 20:29:50',	'2025-03-24 20:29:50',	103,	'0',	1,	'秦二二',	'1',	'数学系',	'DS2024',	'2003-01-20 00:00:00',	'13800000020',	'qinershi@example.com'),
(140,	'2025-03-24 20:29:50',	'2025-03-24 20:29:50',	103,	'0',	1,	'朱二一',	'0',	'数学系',	'EE2025',	'2004-12-25 00:00:00',	'13800000019',	'zhueri@example.com'),
(141,	'2025-03-24 20:29:50',	'2025-03-24 20:29:50',	103,	'0',	1,	'杨二十',	'1',	'数学系',	'SE2023',	'2002-09-18 00:00:00',	'13800000018',	'yangershi@example.com'),
(142,	'2025-03-24 20:29:50',	'2025-03-24 20:29:50',	103,	'0',	1,	'韩十九',	'0',	'数学系',	'CS2024',	'2003-06-14 00:00:00',	'13800000017',	'hanshijiu@example.com'),
(143,	'2025-03-24 20:29:50',	'2025-03-24 20:29:50',	103,	'0',	1,	'沈十八',	'1',	'数学系',	'IS2025',	'2004-03-04 00:00:00',	'13800000016',	'shenshiba@example.com'),
(144,	'2025-03-24 20:29:50',	'2025-03-24 20:29:50',	103,	'0',	1,	'蒋十七',	'0',	'数学系',	'AI2023',	'2002-11-29 00:00:00',	'13800000015',	'jiangshiqi@example.com'),
(145,	'2025-03-24 20:29:50',	'2025-03-24 20:29:50',	103,	'0',	1,	'卫十六',	'1',	'数学系',	'NE2024',	'2003-08-23 00:00:00',	'13800000014',	'weishiliu@example.com'),
(146,	'2025-03-24 20:29:50',	'2025-03-24 20:29:50',	103,	'0',	1,	'褚十五',	'0',	'数学系',	'AU2025',	'2004-05-17 00:00:00',	'13800000013',	'chushiwuwu@example.com'),
(147,	'2025-03-24 20:29:50',	'2025-03-24 20:29:50',	103,	'0',	1,	'陈十四',	'1',	'数学系',	'DS2023',	'2002-02-08 00:00:00',	'13800000012',	'chenshisi@example.com'),
(148,	'2025-03-24 20:29:50',	'2025-03-24 20:29:50',	103,	'0',	1,	'冯十三',	'0',	'数学系',	'EE2024',	'2003-10-12 00:00:00',	'13800000011',	'fengshisan@example.com'),
(149,	'2025-03-24 20:29:50',	'2025-03-24 20:29:50',	103,	'0',	1,	'吴十二',	'1',	'数学系',	'SE2025',	'2004-07-25 00:00:00',	'13800000010',	'wushier@example.com'),
(150,	'2025-03-24 20:29:50',	'2025-03-24 20:29:50',	103,	'0',	1,	'钱十一',	'0',	'数学系',	'CS2023',	'2002-04-15 00:00:00',	'13800000009',	'qianshiyi@example.com'),
(151,	'2025-03-24 20:29:50',	'2025-03-24 20:29:50',	103,	'0',	1,	'杨二十',	'1',	'数学系',	'SE2023',	'2002-09-18 00:00:00',	'13800000018',	'yangershi@example.com'),
(152,	'2025-03-24 20:29:50',	'2025-03-24 20:29:50',	103,	'0',	1,	'张三',	'0',	'数学系',	'CS2025',	'2002-05-10 00:00:00',	'13800000001',	'zhangsan@example.com'),
(153,	'2025-03-24 20:29:50',	'2025-03-24 20:29:50',	103,	'0',	1,	'秦二二',	'1',	'数学系',	'DS2024',	'2003-01-20 00:00:00',	'13800000020',	'qinershi@example.com'),
(154,	'2025-03-24 20:29:50',	'2025-03-24 20:29:50',	103,	'0',	1,	'尤二三',	'0',	'数学系',	'AU2023',	'2002-04-11 00:00:00',	'13800000021',	'youersan@example.com'),
(155,	'2025-03-24 20:29:50',	'2025-03-24 20:29:50',	103,	'0',	1,	'许二四',	'1',	'数学系',	'NE2025',	'2004-07-08 00:00:00',	'13800000022',	'xuershi@example.com'),
(156,	'2025-03-24 20:29:50',	'2025-03-24 20:29:50',	103,	'0',	1,	'何二五',	'0',	'数学系',	'AI2024',	'2003-10-02 00:00:00',	'13800000023',	'heershi@example.com'),
(157,	'2025-03-24 20:29:50',	'2025-03-24 20:29:50',	103,	'0',	1,	'吕二六',	'1',	'数学系',	'IS2023',	'2002-02-18 00:00:00',	'13800000024',	'luershi@example.com'),
(158,	'2025-03-24 20:29:50',	'2025-03-24 20:29:50',	103,	'0',	1,	'施二七',	'0',	'数学系',	'CS2025',	'2004-05-28 00:00:00',	'13800000025',	'shiershi@example.com'),
(159,	'2025-03-24 20:29:50',	'2025-03-24 20:29:50',	103,	'0',	1,	'韩十九',	'0',	'数学系',	'CS2024',	'2003-06-14 00:00:00',	'13800000017',	'hanshijiu@example.com'),
(160,	'2025-03-24 20:29:50',	'2025-03-24 20:29:50',	103,	'0',	1,	'沈十八',	'1',	'数学系',	'IS2025',	'2004-03-04 00:00:00',	'13800000016',	'shenshiba@example.com'),
(161,	'2025-03-24 20:29:50',	'2025-03-24 20:29:50',	103,	'0',	1,	'蒋十七',	'0',	'数学系',	'AI2023',	'2002-11-29 00:00:00',	'13800000015',	'jiangshiqi@example.com'),
(162,	'2025-03-24 20:29:50',	'2025-03-24 20:29:50',	103,	'0',	1,	'卫十六',	'1',	'数学系',	'NE2024',	'2003-08-23 00:00:00',	'13800000014',	'weishiliu@example.com'),
(163,	'2025-03-24 20:29:50',	'2025-03-24 20:29:50',	103,	'0',	1,	'褚十五',	'0',	'数学系',	'AU2025',	'2004-05-17 00:00:00',	'13800000013',	'chushiwuwu@example.com'),
(164,	'2025-03-24 20:29:50',	'2025-03-24 20:29:50',	103,	'0',	1,	'陈十四',	'1',	'数学系',	'DS2023',	'2002-02-08 00:00:00',	'13800000012',	'chenshisi@example.com'),
(165,	'2025-03-24 20:29:50',	'2025-03-24 20:29:50',	103,	'0',	1,	'冯十三',	'0',	'数学系',	'EE2024',	'2003-10-12 00:00:00',	'13800000011',	'fengshisan@example.com'),
(166,	'2025-03-24 20:29:50',	'2025-03-24 20:29:50',	103,	'0',	1,	'吴十二',	'1',	'数学系',	'SE2025',	'2004-07-25 00:00:00',	'13800000010',	'wushier@example.com'),
(167,	'2025-03-24 20:29:50',	'2025-03-24 20:29:50',	103,	'0',	1,	'钱十一',	'0',	'数学系',	'CS2023',	'2002-04-15 00:00:00',	'13800000009',	'qianshiyi@example.com'),
(168,	'2025-03-24 20:29:50',	'2025-03-24 20:29:50',	103,	'0',	1,	'郑十',	'1',	'数学系',	'IS2024',	'2003-01-30 00:00:00',	'13800000008',	'zhengshi@example.com'),
(169,	'2025-03-24 20:29:50',	'2025-03-24 20:29:50',	103,	'0',	1,	'吴九',	'0',	'数学系',	'AI2025',	'2004-12-10 00:00:00',	'13800000007',	'wujie@example.com'),
(170,	'2025-03-24 20:29:50',	'2025-03-24 20:29:50',	103,	'0',	1,	'周八',	'1',	'数学系',	'NE2023',	'2002-09-22 00:00:00',	'13800000006',	'zhouba@example.com'),
(171,	'2025-03-24 20:29:50',	'2025-03-24 20:29:50',	103,	'0',	1,	'孙七',	'0',	'数学系',	'AU2024',	'2003-06-18 00:00:00',	'13800000005',	'sunqi@example.com'),
(172,	'2025-03-24 20:29:50',	'2025-03-24 20:29:50',	103,	'0',	1,	'赵六',	'1',	'数学系',	'DS2025',	'2004-03-05 00:00:00',	'13800000004',	'zhaoliu@example.com'),
(173,	'2025-03-24 20:29:50',	'2025-03-24 20:29:50',	103,	'0',	1,	'王五',	'0',	'数学系',	'EE2023',	'2001-11-20 00:00:00',	'13800000003',	'wangwu@example.com'),
(174,	'2025-03-24 20:29:50',	'2025-03-24 20:29:50',	103,	'0',	1,	'李四',	'1',	'数学系',	'SE2024',	'2003-08-15 00:00:00',	'13800000002',	'lisi@example.com'),
(175,	'2025-03-24 20:29:50',	'2025-03-24 20:29:50',	103,	'0',	1,	'朱二一',	'0',	'数学系',	'EE2025',	'2004-12-25 00:00:00',	'13800000019',	'zhueri@example.com');

DROP TABLE IF EXISTS `sys_config`;
CREATE TABLE `sys_config` (
  `config_id` int NOT NULL AUTO_INCREMENT COMMENT '参数主键',
  `config_name` varchar(100) CHARACTER SET utf8mb4 COLLATE utf8mb4_general_ci DEFAULT '' COMMENT '参数名称',
  `config_key` varchar(100) CHARACTER SET utf8mb4 COLLATE utf8mb4_general_ci DEFAULT '' COMMENT '参数键名',
  `config_value` varchar(500) CHARACTER SET utf8mb4 COLLATE utf8mb4_general_ci DEFAULT '' COMMENT '参数键值',
  `config_type` char(1) CHARACTER SET utf8mb4 COLLATE utf8mb4_general_ci DEFAULT 'N' COMMENT '系统内置（Y是 N否）',
  `create_by` varchar(64) CHARACTER SET utf8mb4 COLLATE utf8mb4_general_ci DEFAULT '' COMMENT '创建者',
  `create_time` datetime DEFAULT NULL COMMENT '创建时间',
  `update_by` varchar(64) CHARACTER SET utf8mb4 COLLATE utf8mb4_general_ci DEFAULT '' COMMENT '更新者',
  `update_time` datetime DEFAULT NULL COMMENT '更新时间',
  `remark` varchar(500) CHARACTER SET utf8mb4 COLLATE utf8mb4_general_ci DEFAULT NULL COMMENT '备注',
  PRIMARY KEY (`config_id`) USING BTREE
) ENGINE=InnoDB AUTO_INCREMENT=7 DEFAULT CHARSET=utf8mb4 COLLATE=utf8mb4_general_ci COMMENT='参数配置表';

INSERT INTO `sys_config` (`config_id`, `config_name`, `config_key`, `config_value`, `config_type`, `create_by`, `create_time`, `update_by`, `update_time`, `remark`) VALUES
(1,	'主框架页-默认皮肤样式名称',	'sys.index.skinName',	'skin-blue',	'Y',	'admin',	'2024-11-13 14:12:02',	'',	NULL,	'蓝色 skin-blue、绿色 skin-green、紫色 skin-purple、红色 skin-red、黄色 skin-yellow'),
(2,	'用户管理-账号初始密码',	'sys.user.initPassword',	'123456',	'Y',	'admin',	'2024-11-13 14:12:02',	'',	NULL,	'初始化密码 123456'),
(3,	'主框架页-侧边栏主题',	'sys.index.sideTheme',	'theme-dark',	'Y',	'admin',	'2024-11-13 14:12:02',	'',	NULL,	'深色主题theme-dark，浅色主题theme-light'),
(4,	'账号自助-验证码开关',	'sys.account.captchaEnabled',	'true',	'Y',	'admin',	'2024-11-13 14:12:02',	'',	NULL,	'是否开启验证码功能（true开启，false关闭）'),
(5,	'账号自助-是否开启用户注册功能',	'sys.account.registerUser',	'false',	'Y',	'admin',	'2024-11-13 14:12:02',	'',	NULL,	'是否开启注册用户功能（true开启，false关闭）'),
(6,	'用户登录-黑名单列表',	'sys.login.blackIPList',	'',	'Y',	'admin',	'2024-11-13 14:12:02',	'',	NULL,	'设置登录IP黑名单限制，多个匹配项以;分隔，支持匹配（*通配、网段）');

DROP TABLE IF EXISTS `sys_dept`;
CREATE TABLE `sys_dept` (
  `dept_id` bigint NOT NULL AUTO_INCREMENT COMMENT '部门id',
  `parent_id` bigint DEFAULT '0' COMMENT '父部门id',
  `ancestors` varchar(50) CHARACTER SET utf8mb4 COLLATE utf8mb4_general_ci DEFAULT '' COMMENT '祖级列表',
  `dept_name` varchar(30) CHARACTER SET utf8mb4 COLLATE utf8mb4_general_ci DEFAULT '' COMMENT '部门名称',
  `order_num` int DEFAULT '0' COMMENT '显示顺序',
  `leader` varchar(20) CHARACTER SET utf8mb4 COLLATE utf8mb4_general_ci DEFAULT NULL COMMENT '负责人',
  `phone` varchar(11) CHARACTER SET utf8mb4 COLLATE utf8mb4_general_ci DEFAULT NULL COMMENT '联系电话',
  `email` varchar(50) CHARACTER SET utf8mb4 COLLATE utf8mb4_general_ci DEFAULT NULL COMMENT '邮箱',
  `status` char(1) CHARACTER SET utf8mb4 COLLATE utf8mb4_general_ci DEFAULT '0' COMMENT '部门状态（0正常 1停用）',
  `del_flag` char(1) CHARACTER SET utf8mb4 COLLATE utf8mb4_general_ci DEFAULT '0' COMMENT '删除标志（0代表存在 2代表删除）',
  `create_by` varchar(64) CHARACTER SET utf8mb4 COLLATE utf8mb4_general_ci DEFAULT '' COMMENT '创建者',
  `create_time` datetime DEFAULT NULL COMMENT '创建时间',
  `update_by` varchar(64) CHARACTER SET utf8mb4 COLLATE utf8mb4_general_ci DEFAULT '' COMMENT '更新者',
  `update_time` datetime DEFAULT NULL COMMENT '更新时间',
  PRIMARY KEY (`dept_id`) USING BTREE
) ENGINE=InnoDB AUTO_INCREMENT=204 DEFAULT CHARSET=utf8mb4 COLLATE=utf8mb4_general_ci COMMENT='部门表';

INSERT INTO `sys_dept` (`dept_id`, `parent_id`, `ancestors`, `dept_name`, `order_num`, `leader`, `phone`, `email`, `status`, `del_flag`, `create_by`, `create_time`, `update_by`, `update_time`) VALUES
(100,	0,	'0',	'集团总公司',	0,	'年糕',	'15888888888',	'niangao@qq.com',	'0',	'0',	'admin',	'2024-11-13 14:12:02',	'',	NULL),
(101,	100,	'0,100',	'深圳分公司',	1,	'年糕',	'15888888888',	'niangao@qq.com',	'0',	'0',	'admin',	'2024-11-13 14:12:02',	'',	NULL),
(102,	100,	'0,100',	'长沙分公司',	2,	'年糕',	'15888888888',	'niangao@qq.com',	'0',	'0',	'admin',	'2024-11-13 14:12:02',	'',	NULL),
(103,	101,	'0,100,101',	'研发部门',	1,	'年糕',	'15888888888',	'niangao@qq.com',	'0',	'0',	'admin',	'2024-11-13 14:12:02',	'',	NULL),
(104,	101,	'0,100,101',	'市场部门',	2,	'年糕',	'15888888888',	'niangao@qq.com',	'0',	'0',	'admin',	'2024-11-13 14:12:02',	'',	NULL),
(105,	101,	'0,100,101',	'测试部门',	3,	'年糕',	'15888888888',	'niangao@qq.com',	'0',	'0',	'admin',	'2024-11-13 14:12:02',	'',	NULL),
(106,	101,	'0,100,101',	'财务部门',	4,	'年糕',	'15888888888',	'niangao@qq.com',	'0',	'0',	'admin',	'2024-11-13 14:12:02',	'',	NULL),
(107,	101,	'0,100,101',	'运维部门',	5,	'年糕',	'15888888888',	'niangao@qq.com',	'0',	'0',	'admin',	'2024-11-13 14:12:02',	'',	NULL),
(108,	102,	'0,100,102',	'市场部门',	1,	'年糕',	'15888888888',	'niangao@qq.com',	'0',	'0',	'admin',	'2024-11-13 14:12:02',	'',	NULL),
(109,	102,	'0,100,102',	'财务部门',	2,	'年糕',	'15888888888',	'niangao@qq.com',	'0',	'2',	'admin',	'2024-11-13 14:12:02',	NULL,	NULL),
(200,	100,	'0,100',	'托管事业部',	0,	NULL,	NULL,	NULL,	'0',	'0',	'admin',	'2024-12-14 16:42:36',	'admin',	'2024-12-14 16:42:36'),
(201,	200,	'0,100,200',	'项目一部',	0,	NULL,	NULL,	NULL,	'0',	'0',	'admin',	'2024-12-14 16:42:47',	'admin',	'2024-12-14 16:42:47'),
(202,	200,	'0,100,200',	'项目二部',	0,	NULL,	NULL,	NULL,	'0',	'0',	'admin',	'2024-12-14 16:42:55',	'admin',	'2024-12-14 16:42:55'),
(203,	201,	'0,100,200,201',	'项目一组',	1,	NULL,	NULL,	NULL,	'0',	'0',	'admin',	'2025-02-20 13:08:52',	'admin',	'2025-02-20 13:08:52');

DROP TABLE IF EXISTS `sys_dict_data`;
CREATE TABLE `sys_dict_data` (
  `dict_code` bigint NOT NULL AUTO_INCREMENT COMMENT '字典编码',
  `dict_sort` int DEFAULT '0' COMMENT '字典排序',
  `dict_label` varchar(100) CHARACTER SET utf8mb4 COLLATE utf8mb4_general_ci DEFAULT '' COMMENT '字典标签',
  `dict_value` varchar(100) CHARACTER SET utf8mb4 COLLATE utf8mb4_general_ci DEFAULT '' COMMENT '字典键值',
  `dict_type` varchar(100) CHARACTER SET utf8mb4 COLLATE utf8mb4_general_ci DEFAULT '' COMMENT '字典类型',
  `css_class` varchar(100) CHARACTER SET utf8mb4 COLLATE utf8mb4_general_ci DEFAULT NULL COMMENT '样式属性（其他样式扩展）',
  `list_class` varchar(100) CHARACTER SET utf8mb4 COLLATE utf8mb4_general_ci DEFAULT NULL COMMENT '表格回显样式',
  `is_default` char(1) CHARACTER SET utf8mb4 COLLATE utf8mb4_general_ci DEFAULT 'N' COMMENT '是否默认（Y是 N否）',
  `status` char(1) CHARACTER SET utf8mb4 COLLATE utf8mb4_general_ci DEFAULT '0' COMMENT '状态（0正常 1停用）',
  `create_by` varchar(64) CHARACTER SET utf8mb4 COLLATE utf8mb4_general_ci DEFAULT '' COMMENT '创建者',
  `create_time` datetime DEFAULT NULL COMMENT '创建时间',
  `update_by` varchar(64) CHARACTER SET utf8mb4 COLLATE utf8mb4_general_ci DEFAULT '' COMMENT '更新者',
  `update_time` datetime DEFAULT NULL COMMENT '更新时间',
  `remark` varchar(500) CHARACTER SET utf8mb4 COLLATE utf8mb4_general_ci DEFAULT NULL COMMENT '备注',
  PRIMARY KEY (`dict_code`) USING BTREE
) ENGINE=InnoDB AUTO_INCREMENT=116 DEFAULT CHARSET=utf8mb4 COLLATE=utf8mb4_general_ci COMMENT='字典数据表';

INSERT INTO `sys_dict_data` (`dict_code`, `dict_sort`, `dict_label`, `dict_value`, `dict_type`, `css_class`, `list_class`, `is_default`, `status`, `create_by`, `create_time`, `update_by`, `update_time`, `remark`) VALUES
(1,	1,	'男',	'0',	'sys_user_sex',	'',	'',	'Y',	'0',	'admin',	'2024-11-13 14:12:02',	'',	NULL,	'性别男'),
(2,	2,	'女',	'1',	'sys_user_sex',	'',	'',	'N',	'0',	'admin',	'2024-11-13 14:12:02',	'',	NULL,	'性别女'),
(3,	3,	'未知',	'2',	'sys_user_sex',	'',	'',	'N',	'0',	'admin',	'2024-11-13 14:12:02',	'',	NULL,	'性别未知'),
(4,	1,	'显示',	'0',	'sys_show_hide',	'',	'primary',	'Y',	'0',	'admin',	'2024-11-13 14:12:02',	'',	NULL,	'显示菜单'),
(5,	2,	'隐藏',	'1',	'sys_show_hide',	'',	'danger',	'N',	'0',	'admin',	'2024-11-13 14:12:02',	'',	NULL,	'隐藏菜单'),
(6,	1,	'正常',	'0',	'sys_normal_disable',	'',	'primary',	'Y',	'0',	'admin',	'2024-11-13 14:12:02',	'',	NULL,	'正常状态'),
(7,	2,	'停用',	'1',	'sys_normal_disable',	'',	'danger',	'N',	'0',	'admin',	'2024-11-13 14:12:02',	'',	NULL,	'停用状态'),
(8,	1,	'正常',	'0',	'sys_job_status',	'',	'primary',	'Y',	'0',	'admin',	'2024-11-13 14:12:02',	'',	NULL,	'正常状态'),
(9,	2,	'暂停',	'1',	'sys_job_status',	'',	'danger',	'N',	'0',	'admin',	'2024-11-13 14:12:02',	'',	NULL,	'停用状态'),
(10,	1,	'默认',	'default',	'sys_job_group',	'',	'',	'Y',	'0',	'admin',	'2024-11-13 14:12:02',	'',	NULL,	'默认分组'),
(11,	2,	'数据库',	'sqlalchemy',	'sys_job_group',	'',	'',	'N',	'0',	'admin',	'2024-11-13 14:12:02',	'',	NULL,	'数据库分组'),
(12,	3,	'redis',	'redis',	'sys_job_group',	'',	'',	'N',	'0',	'admin',	'2024-11-13 14:12:02',	'',	NULL,	'reids分组'),
(13,	1,	'默认',	'default',	'sys_job_executor',	'',	'',	'N',	'0',	'admin',	'2024-11-13 14:12:02',	'',	NULL,	'线程池'),
(14,	2,	'进程池',	'processpool',	'sys_job_executor',	'',	'',	'N',	'0',	'admin',	'2024-11-13 14:12:02',	'',	NULL,	'进程池'),
(15,	1,	'是',	'Y',	'sys_yes_no',	'',	'primary',	'Y',	'0',	'admin',	'2024-11-13 14:12:02',	'',	NULL,	'系统默认是'),
(16,	2,	'否',	'N',	'sys_yes_no',	'',	'danger',	'N',	'0',	'admin',	'2024-11-13 14:12:02',	'',	NULL,	'系统默认否'),
(17,	1,	'通知',	'1',	'sys_notice_type',	'',	'warning',	'Y',	'0',	'admin',	'2024-11-13 14:12:02',	'',	NULL,	'通知'),
(18,	2,	'公告',	'2',	'sys_notice_type',	'',	'success',	'N',	'0',	'admin',	'2024-11-13 14:12:02',	'',	NULL,	'公告'),
(19,	1,	'正常',	'0',	'sys_notice_status',	'',	'primary',	'Y',	'0',	'admin',	'2024-11-13 14:12:02',	'',	NULL,	'正常状态'),
(20,	2,	'关闭',	'1',	'sys_notice_status',	'',	'danger',	'N',	'0',	'admin',	'2024-11-13 14:12:02',	'',	NULL,	'关闭状态'),
(21,	99,	'其他',	'0',	'sys_oper_type',	'',	'info',	'N',	'0',	'admin',	'2024-11-13 14:12:02',	'',	NULL,	'其他操作'),
(22,	1,	'新增',	'1',	'sys_oper_type',	'',	'info',	'N',	'0',	'admin',	'2024-11-13 14:12:02',	'',	NULL,	'新增操作'),
(23,	2,	'修改',	'2',	'sys_oper_type',	'',	'info',	'N',	'0',	'admin',	'2024-11-13 14:12:02',	'',	NULL,	'修改操作'),
(24,	3,	'删除',	'3',	'sys_oper_type',	'',	'danger',	'N',	'0',	'admin',	'2024-11-13 14:12:02',	'',	NULL,	'删除操作'),
(25,	4,	'授权',	'4',	'sys_oper_type',	'',	'primary',	'N',	'0',	'admin',	'2024-11-13 14:12:02',	'',	NULL,	'授权操作'),
(26,	5,	'导出',	'5',	'sys_oper_type',	'',	'warning',	'N',	'0',	'admin',	'2024-11-13 14:12:02',	'',	NULL,	'导出操作'),
(27,	6,	'导入',	'6',	'sys_oper_type',	'',	'warning',	'N',	'0',	'admin',	'2024-11-13 14:12:02',	'',	NULL,	'导入操作'),
(28,	7,	'强退',	'7',	'sys_oper_type',	'',	'danger',	'N',	'0',	'admin',	'2024-11-13 14:12:02',	'',	NULL,	'强退操作'),
(29,	8,	'生成代码',	'8',	'sys_oper_type',	'',	'warning',	'N',	'0',	'admin',	'2024-11-13 14:12:02',	'',	NULL,	'生成操作'),
(30,	9,	'清空数据',	'9',	'sys_oper_type',	'',	'danger',	'N',	'0',	'admin',	'2024-11-13 14:12:02',	'',	NULL,	'清空操作'),
(31,	1,	'成功',	'0',	'sys_common_status',	'',	'primary',	'N',	'0',	'admin',	'2024-11-13 14:12:02',	'',	NULL,	'正常状态'),
(32,	2,	'失败',	'1',	'sys_common_status',	'',	'danger',	'N',	'0',	'admin',	'2024-11-13 14:12:02',	'',	NULL,	'停用状态'),
(100,	0,	'已上架',	'1',	'news_status',	NULL,	'success',	'N',	'0',	'admin',	'2024-11-30 13:50:32',	'admin',	'2024-11-30 13:50:32',	NULL),
(101,	0,	'下架',	'0',	'news_status',	NULL,	'danger',	'N',	'0',	'admin',	'2024-11-30 13:50:55',	'admin',	'2024-11-30 13:50:55',	NULL),
(102,	0,	'免费',	'0',	'new_charge',	NULL,	'info',	'N',	'0',	'admin',	'2024-11-30 13:52:13',	'admin',	'2024-11-30 13:52:13',	NULL),
(103,	0,	'收费',	'1',	'new_charge',	NULL,	'success',	'N',	'0',	'admin',	'2024-11-30 13:52:25',	'admin',	'2024-11-30 13:52:25',	NULL),
(104,	0,	'置顶',	'1',	'news_top',	NULL,	'primary',	'N',	'0',	'admin',	'2024-11-30 13:56:24',	'admin',	'2024-11-30 13:56:32',	NULL),
(105,	0,	'不置顶',	'0',	'news_top',	NULL,	'info',	'N',	'0',	'admin',	'2024-11-30 13:56:50',	'admin',	'2024-11-30 13:56:50',	NULL),
(106,	0,	'未处理',	'0',	'cooperation_status',	NULL,	'danger',	'N',	'0',	'admin',	'2024-12-24 14:27:34',	'admin',	'2024-12-24 14:28:40',	NULL),
(107,	0,	'已处理',	'1',	'cooperation_status',	NULL,	'success',	'N',	'0',	'admin',	'2024-12-24 14:28:04',	'admin',	'2024-12-24 14:28:04',	NULL),
(108,	0,	'已废弃',	'2',	'cooperation_status',	NULL,	'info',	'N',	'0',	'admin',	'2024-12-24 14:28:24',	'admin',	'2024-12-24 14:28:24',	NULL),
(109,	0,	'越野车',	'1',	'car_type',	NULL,	'primary',	'N',	'0',	'admin',	'2025-01-17 14:12:25',	'admin',	'2025-01-17 14:12:25',	NULL),
(110,	0,	'小汽车',	'2',	'car_type',	NULL,	'success',	'N',	'0',	'admin',	'2025-01-17 14:12:48',	'admin',	'2025-01-17 14:12:48',	NULL),
(111,	0,	'是',	'1',	'sys_01_yes_no',	NULL,	'success',	'N',	'0',	'admin',	'2025-02-11 15:14:16',	'admin',	'2025-02-11 15:14:16',	NULL),
(112,	0,	'否',	'0',	'sys_01_yes_no',	NULL,	'warning',	'N',	'0',	'admin',	'2025-02-11 15:15:26',	'admin',	'2025-02-11 15:15:26',	NULL),
(113,	0,	'左',	'left',	'field_align',	NULL,	'primary',	'N',	'0',	'admin',	'2025-02-11 15:19:41',	'admin',	'2025-02-11 15:19:41',	NULL),
(114,	0,	'右',	'right',	'field_align',	NULL,	'success',	'N',	'0',	'admin',	'2025-02-11 15:20:00',	'admin',	'2025-02-11 15:20:00',	NULL),
(115,	0,	'中',	'center',	'field_align',	NULL,	'danger',	'N',	'0',	'admin',	'2025-02-11 15:20:16',	'admin',	'2025-02-11 15:20:16',	NULL),
(116,	0,	'黑斑病',	'黑斑病',	'predclass_type',	NULL,	'primary',	'N',	'0',	'admin',	'2025-02-11 15:20:16',	'admin',	'2025-02-11 15:20:16',	NULL),
(117,	1,	'霜霉病',	'霜霉病',	'predclass_type',	NULL,	'success',	'N',	'0',	'admin',	'2025-02-11 15:20:16',	'admin',	'2025-02-11 15:20:16',	NULL),
(118,	2,	'健康',	'健康',	'predclass_type',	NULL,	'success',	'N',	'0',	'admin',	'2025-02-11 15:20:16',	'admin',	'2025-02-11 15:20:16',	NULL),
(119,	3,	'虫害',	'虫害',	'predclass_type',	NULL,	'success',	'N',	'0',	'admin',	'2025-02-11 15:20:16',	'admin',	'2025-02-11 15:20:16',	NULL),
(120,	4,	'花叶病',	'花叶病',	'predclass_type',	NULL,	'success',	'N',	'0',	'admin',	'2025-02-11 15:20:16',	'admin',	'2025-02-11 15:20:16',	NULL);
DROP TABLE IF EXISTS `sys_dict_type`;
CREATE TABLE `sys_dict_type` (
  `dict_id` bigint NOT NULL AUTO_INCREMENT COMMENT '字典主键',
  `dict_name` varchar(100) CHARACTER SET utf8mb4 COLLATE utf8mb4_general_ci DEFAULT '' COMMENT '字典名称',
  `dict_type` varchar(100) CHARACTER SET utf8mb4 COLLATE utf8mb4_general_ci DEFAULT '' COMMENT '字典类型',
  `status` char(1) CHARACTER SET utf8mb4 COLLATE utf8mb4_general_ci DEFAULT '0' COMMENT '状态（0正常 1停用）',
  `create_by` varchar(64) CHARACTER SET utf8mb4 COLLATE utf8mb4_general_ci DEFAULT '' COMMENT '创建者',
  `create_time` datetime DEFAULT NULL COMMENT '创建时间',
  `update_by` varchar(64) CHARACTER SET utf8mb4 COLLATE utf8mb4_general_ci DEFAULT '' COMMENT '更新者',
  `update_time` datetime DEFAULT NULL COMMENT '更新时间',
  `remark` varchar(500) CHARACTER SET utf8mb4 COLLATE utf8mb4_general_ci DEFAULT NULL COMMENT '备注',
  PRIMARY KEY (`dict_id`) USING BTREE,
  UNIQUE KEY `dict_type` (`dict_type`) USING BTREE
) ENGINE=InnoDB AUTO_INCREMENT=110 DEFAULT CHARSET=utf8mb4 COLLATE=utf8mb4_general_ci COMMENT='字典类型表';

INSERT INTO `sys_dict_type` (`dict_id`, `dict_name`, `dict_type`, `status`, `create_by`, `create_time`, `update_by`, `update_time`, `remark`) VALUES
(1,	'用户性别',	'sys_user_sex',	'0',	'admin',	'2024-11-13 14:12:02',	'admin',	'2025-02-19 01:45:55',	'用户性别列表'),
(2,	'菜单状态',	'sys_show_hide',	'0',	'admin',	'2024-11-13 14:12:02',	'',	NULL,	'菜单状态列表'),
(3,	'系统开关',	'sys_normal_disable',	'0',	'admin',	'2024-11-13 14:12:02',	'',	NULL,	'系统开关列表'),
(4,	'任务状态',	'sys_job_status',	'0',	'admin',	'2024-11-13 14:12:02',	'',	NULL,	'任务状态列表'),
(5,	'任务分组',	'sys_job_group',	'0',	'admin',	'2024-11-13 14:12:02',	'',	NULL,	'任务分组列表'),
(6,	'任务执行器',	'sys_job_executor',	'0',	'admin',	'2024-11-13 14:12:02',	'',	NULL,	'任务执行器列表'),
(7,	'系统是否',	'sys_yes_no',	'0',	'admin',	'2024-11-13 14:12:02',	'',	NULL,	'系统是否列表'),
(8,	'通知类型',	'sys_notice_type',	'0',	'admin',	'2024-11-13 14:12:02',	'',	NULL,	'通知类型列表'),
(9,	'通知状态',	'sys_notice_status',	'0',	'admin',	'2024-11-13 14:12:02',	'',	NULL,	'通知状态列表'),
(10,	'操作类型',	'sys_oper_type',	'0',	'admin',	'2024-11-13 14:12:02',	'',	NULL,	'操作类型列表'),
(11,	'系统状态',	'sys_common_status',	'0',	'admin',	'2024-11-13 14:12:02',	'',	NULL,	'登录状态列表'),
(101,	'test',	'test',	'0',	'admin',	'2024-11-16 10:10:04',	'admin',	'2024-11-16 10:10:04',	NULL),
(102,	'新闻上架状态',	'news_status',	'0',	'admin',	'2024-11-30 13:49:17',	'admin',	'2024-11-30 13:49:17',	NULL),
(103,	'新闻收费状态',	'new_charge',	'0',	'admin',	'2024-11-30 13:51:33',	'admin',	'2024-11-30 13:51:33',	NULL),
(104,	'新闻置顶',	'news_top',	'0',	'admin',	'2024-11-30 13:53:04',	'admin',	'2024-11-30 13:53:04',	NULL),
(105,	'合作意向状态',	'cooperation_status',	'0',	'admin',	'2024-12-24 14:26:48',	'admin',	'2024-12-24 14:26:48',	NULL),
(106,	'车辆类型',	'car_type',	'0',	'admin',	'2025-01-17 14:11:44',	'admin',	'2025-01-17 14:11:44',	NULL),
(107,	'0-1是否',	'sys_01_yes_no',	'0',	'admin',	'2025-02-11 15:13:49',	'admin',	'2025-02-11 15:13:49',	NULL),
(108,	'字段居中类型',	'field_align',	'0',	'admin',	'2025-02-11 15:19:15',	'admin',	'2025-02-11 15:19:15',	NULL),
(109,	'属性',	'int',	'0',	'admin',	'2025-02-19 02:46:43',	'admin',	'2025-02-19 02:46:43',	NULL),
(110,	'预测类别',	'predclass_type',	'0',	'admin',	'2025-02-19 02:46:43',	'admin',	'2025-02-19 02:46:43',	NULL);
DROP TABLE IF EXISTS `sys_form`;
CREATE TABLE `sys_form` (
  `id` int NOT NULL AUTO_INCREMENT COMMENT 'id',
  `create_time` datetime DEFAULT NULL COMMENT '创建时间',
  `update_time` datetime DEFAULT NULL ON UPDATE CURRENT_TIMESTAMP COMMENT '更新时间',
  `del_flag` char(1) CHARACTER SET utf8mb4 COLLATE utf8mb4_general_ci DEFAULT '0' COMMENT '删除标志',
  `create_by` int NOT NULL COMMENT '创建者',
  `dept_id` int NOT NULL COMMENT '部门id',
  `name` varchar(255) CHARACTER SET utf8mb4 COLLATE utf8mb4_general_ci NOT NULL COMMENT '表单名称',
  `content` text CHARACTER SET utf8mb4 COLLATE utf8mb4_general_ci NOT NULL COMMENT '表单代码',
  `form_data` text CHARACTER SET utf8mb4 COLLATE utf8mb4_general_ci NOT NULL COMMENT '字段配置',
  `form_conf` text CHARACTER SET utf8mb4 COLLATE utf8mb4_general_ci NOT NULL COMMENT '表单配置',
  `generate_conf` text CHARACTER SET utf8mb4 COLLATE utf8mb4_general_ci NOT NULL COMMENT '生成配置',
  `drawing_list` text CHARACTER SET utf8mb4 COLLATE utf8mb4_general_ci NOT NULL COMMENT '字段列表',
  PRIMARY KEY (`id`) USING BTREE
) ENGINE=InnoDB AUTO_INCREMENT=26 DEFAULT CHARSET=utf8mb4 COLLATE=utf8mb4_general_ci COMMENT='系统表单';

INSERT INTO `sys_form` (`id`, `create_time`, `update_time`, `del_flag`, `create_by`, `dept_id`, `name`, `content`, `form_data`, `form_conf`, `generate_conf`, `drawing_list`) VALUES
(22,	'2025-03-08 16:15:08',	'2025-03-08 16:15:08',	'0',	1,	103,	'求职意向调查',	'<template>\n  <div class=\"app-container\">\n    <el-form ref=\"formRef\" :model=\"formData\" :rules=\"rules\" size=\"default\" label-width=\"100px\">\n      <el-form-item label=\"手机号\" prop=\"mobile\">\n        <el-input v-model=\"formData.mobile\" placeholder=\"请输入手机号\" :maxlength=\"11\" show-word-limit clearable\n          prefix-icon=\'Cellphone\' :style=\"{width: \'100%\'}\"></el-input>\n      </el-form-item>\n      <el-form-item label=\"姓名\" prop=\"name\">\n        <el-input v-model=\"formData.name\" type=\"text\" placeholder=\"请输入姓名\" clearable\n          :style=\"{width: \'100%\'}\"></el-input>\n      </el-form-item>\n      <el-form-item label=\"年龄\" prop=\"age\">\n        <el-input v-model=\"formData.age\" type=\"text\" placeholder=\"请输入年龄\" clearable\n          :style=\"{width: \'100%\'}\"></el-input>\n      </el-form-item>\n      <el-form-item label=\"期望薪资\" prop=\"salary\">\n        <el-input v-model=\"formData.salary\" type=\"text\" placeholder=\"请输入期望薪资\" clearable\n          :style=\"{width: \'100%\'}\"></el-input>\n      </el-form-item>\n      <el-form-item label=\"入职时间\" prop=\"joinDate\">\n        <el-date-picker v-model=\"formData.joinDate\" format=\"YYYY-MM-DD\" value-format=\"YYYY-MM-DD\"\n          :style=\"{width: \'100%\'}\" placeholder=\"请选择入职时间\" clearable></el-date-picker>\n      </el-form-item>\n      <el-form-item label=\"下拉选择\" prop=\"field101\">\n        <el-select v-model=\"formData.field101\" placeholder=\"请选择下拉选择\" clearable :style=\"{width: \'100%\'}\">\n          <el-option v-for=\"(item, index) in field101Options\" :key=\"index\" :label=\"item.label\"\n            :value=\"item.value\" :disabled=\"item.disabled\"></el-option>\n        </el-select>\n      </el-form-item>\n      <el-form-item>\n        <el-button type=\"primary\" @click=\"submitForm\">提交</el-button>\n        <el-button @click=\"resetForm\">重置</el-button>\n      </el-form-item>\n    </el-form>\n  </div>\n</template>\n<script setup>\nimport {\n  addForm_data\n}\nfrom \'@/api/system/form_data\'\nconst {\n  proxy\n} = getCurrentInstance()\nconst formRef = ref()\nconst data = reactive({\n  formData: {\n    mobile: \'\',\n    name: undefined,\n    age: undefined,\n    salary: undefined,\n    joinDate: null,\n    field101: undefined,\n  },\n  rules: {\n    mobile: [{\n      required: true,\n      message: \'请输入手机号\',\n      trigger: \'blur\'\n    }, {\n      pattern: new RegExp(/^1(3|4|5|7|8|9)\\d{9}$/),\n      message: \'手机号格式错误\',\n      trigger: \'blur\'\n    }],\n    name: [{\n      required: true,\n      message: \'请输入姓名\',\n      trigger: \'blur\'\n    }],\n    age: [{\n      required: true,\n      message: \'请输入年龄\',\n      trigger: \'blur\'\n    }],\n    salary: [{\n      required: true,\n      message: \'请输入期望薪资\',\n      trigger: \'blur\'\n    }],\n    joinDate: [{\n      required: true,\n      message: \'请选择入职时间\',\n      trigger: \'change\'\n    }],\n    field101: [{\n      required: true,\n      message: \'请选择下拉选择\',\n      trigger: \'change\'\n    }],\n  }\n})\nconst {\n  formData,\n  rules\n} = toRefs(data)\nconst field101Options = ref([{\n  \"label\": \"选项一\",\n  \"value\": 1\n}, {\n  \"label\": \"选项二\",\n  \"value\": 2\n}])\n/**\n * @name: 表单提交\n * @description: 表单提交方法\n * @return {*}\n */\nfunction submitForm() {\n  formRef.value.validate((valid) => {\n    if (!valid) return\n    // 提交表单\n    let tempFormData = JSON.stringfy(formData)\n    let params = {\n      formName: \'求职意向调查\',\n      formData: tempFormData\n    }\n    addForm_data(params).then((response) => {\n      proxy.$modal.msgSuccess(\'新增成功\')\n      resetForm()\n    })\n  })\n}\n/**\n * @name: 表单重置\n * @description: 表单重置方法\n * @return {*}\n */\nfunction resetForm() {\n  formRef.value.resetFields()\n}\n\n</script>\n<style>\n</style>\n',	'{\"fields\":[{\"layout\":\"colFormItem\",\"tagIcon\":\"input\",\"label\":\"手机号\",\"vModel\":\"mobile\",\"formId\":6,\"tag\":\"el-input\",\"placeholder\":\"请输入手机号\",\"defaultValue\":\"\",\"span\":24,\"style\":{\"width\":\"100%\"},\"clearable\":true,\"prepend\":\"\",\"append\":\"\",\"prefix-icon\":\"Cellphone\",\"suffix-icon\":\"\",\"maxlength\":11,\"show-word-limit\":true,\"readonly\":false,\"disabled\":false,\"required\":true,\"changeTag\":true,\"regList\":[{\"pattern\":\"/^1(3|4|5|7|8|9)\\\\d{9}$/\",\"message\":\"手机号格式错误\"}]},{\"label\":\"姓名\",\"tag\":\"el-input\",\"tagIcon\":\"input\",\"type\":\"text\",\"placeholder\":\"请输入姓名\",\"span\":24,\"labelWidth\":null,\"style\":{\"width\":\"100%\"},\"clearable\":true,\"prepend\":\"\",\"append\":\"\",\"prefix-icon\":\"\",\"suffix-icon\":\"\",\"maxlength\":null,\"show-word-limit\":false,\"readonly\":false,\"disabled\":false,\"required\":true,\"regList\":[],\"changeTag\":true,\"document\":\"https://element-plus.org/zh-CN/component/input\",\"formId\":101,\"renderKey\":1741421612633,\"layout\":\"colFormItem\",\"vModel\":\"name\"},{\"label\":\"年龄\",\"tag\":\"el-input\",\"tagIcon\":\"input\",\"type\":\"text\",\"placeholder\":\"请输入年龄\",\"span\":24,\"labelWidth\":null,\"style\":{\"width\":\"100%\"},\"clearable\":true,\"prepend\":\"\",\"append\":\"\",\"prefix-icon\":\"\",\"suffix-icon\":\"\",\"maxlength\":null,\"show-word-limit\":false,\"readonly\":false,\"disabled\":false,\"required\":true,\"regList\":[],\"changeTag\":true,\"document\":\"https://element-plus.org/zh-CN/component/input\",\"formId\":102,\"renderKey\":1741421625219,\"layout\":\"colFormItem\",\"vModel\":\"age\"},{\"label\":\"期望薪资\",\"tag\":\"el-input\",\"tagIcon\":\"input\",\"type\":\"text\",\"placeholder\":\"请输入期望薪资\",\"span\":24,\"labelWidth\":null,\"style\":{\"width\":\"100%\"},\"clearable\":true,\"prepend\":\"\",\"append\":\"\",\"prefix-icon\":\"\",\"suffix-icon\":\"\",\"maxlength\":null,\"show-word-limit\":false,\"readonly\":false,\"disabled\":false,\"required\":true,\"regList\":[],\"changeTag\":true,\"document\":\"https://element-plus.org/zh-CN/component/input\",\"formId\":103,\"renderKey\":1741421648331,\"layout\":\"colFormItem\",\"vModel\":\"salary\"},{\"label\":\"入职时间\",\"tag\":\"el-date-picker\",\"tagIcon\":\"date\",\"placeholder\":\"请选择入职时间\",\"defaultValue\":null,\"type\":\"date\",\"span\":24,\"labelWidth\":null,\"style\":{\"width\":\"100%\"},\"disabled\":false,\"clearable\":true,\"required\":true,\"format\":\"YYYY-MM-DD\",\"value-format\":\"YYYY-MM-DD\",\"readonly\":false,\"regList\":[],\"changeTag\":true,\"document\":\"https://element-plus.org/zh-CN/component/date-picker\",\"formId\":105,\"renderKey\":1741421688014,\"layout\":\"colFormItem\",\"vModel\":\"joinDate\"},{\"label\":\"下拉选择\",\"tag\":\"el-select\",\"tagIcon\":\"select\",\"placeholder\":\"请选择下拉选择\",\"span\":24,\"labelWidth\":null,\"style\":{\"width\":\"100%\"},\"clearable\":true,\"disabled\":false,\"required\":true,\"filterable\":false,\"multiple\":false,\"options\":[{\"label\":\"选项一\",\"value\":1},{\"label\":\"选项二\",\"value\":2}],\"regList\":[],\"changeTag\":true,\"document\":\"https://element-plus.org/zh-CN/component/select\",\"formId\":101,\"renderKey\":1741424187717,\"layout\":\"colFormItem\",\"vModel\":\"field101\"}],\"formRef\":\"formRef\",\"formModel\":\"formData\",\"size\":\"default\",\"labelPosition\":\"right\",\"labelWidth\":100,\"formRules\":\"rules\",\"gutter\":15,\"disabled\":false,\"span\":24,\"formBtns\":true,\"remark\":\"求职意向调查\"}',	'{\"formRef\":\"formRef\",\"formModel\":\"formData\",\"size\":\"default\",\"labelPosition\":\"right\",\"labelWidth\":100,\"formRules\":\"rules\",\"gutter\":15,\"disabled\":false,\"span\":24,\"formBtns\":true,\"remark\":\"求职意向调查\"}',	'{\"type\":\"file\"}',	'[{\"layout\":\"colFormItem\",\"tagIcon\":\"input\",\"label\":\"手机号\",\"vModel\":\"mobile\",\"formId\":6,\"tag\":\"el-input\",\"placeholder\":\"请输入手机号\",\"defaultValue\":\"\",\"span\":24,\"style\":{\"width\":\"100%\"},\"clearable\":true,\"prepend\":\"\",\"append\":\"\",\"prefix-icon\":\"Cellphone\",\"suffix-icon\":\"\",\"maxlength\":11,\"show-word-limit\":true,\"readonly\":false,\"disabled\":false,\"required\":true,\"changeTag\":true,\"regList\":[{\"pattern\":\"/^1(3|4|5|7|8|9)\\\\d{9}$/\",\"message\":\"手机号格式错误\"}]},{\"label\":\"姓名\",\"tag\":\"el-input\",\"tagIcon\":\"input\",\"type\":\"text\",\"placeholder\":\"请输入姓名\",\"span\":24,\"labelWidth\":null,\"style\":{\"width\":\"100%\"},\"clearable\":true,\"prepend\":\"\",\"append\":\"\",\"prefix-icon\":\"\",\"suffix-icon\":\"\",\"maxlength\":null,\"show-word-limit\":false,\"readonly\":false,\"disabled\":false,\"required\":true,\"regList\":[],\"changeTag\":true,\"document\":\"https://element-plus.org/zh-CN/component/input\",\"formId\":101,\"renderKey\":1741421612633,\"layout\":\"colFormItem\",\"vModel\":\"name\"},{\"label\":\"年龄\",\"tag\":\"el-input\",\"tagIcon\":\"input\",\"type\":\"text\",\"placeholder\":\"请输入年龄\",\"span\":24,\"labelWidth\":null,\"style\":{\"width\":\"100%\"},\"clearable\":true,\"prepend\":\"\",\"append\":\"\",\"prefix-icon\":\"\",\"suffix-icon\":\"\",\"maxlength\":null,\"show-word-limit\":false,\"readonly\":false,\"disabled\":false,\"required\":true,\"regList\":[],\"changeTag\":true,\"document\":\"https://element-plus.org/zh-CN/component/input\",\"formId\":102,\"renderKey\":1741421625219,\"layout\":\"colFormItem\",\"vModel\":\"age\"},{\"label\":\"期望薪资\",\"tag\":\"el-input\",\"tagIcon\":\"input\",\"type\":\"text\",\"placeholder\":\"请输入期望薪资\",\"span\":24,\"labelWidth\":null,\"style\":{\"width\":\"100%\"},\"clearable\":true,\"prepend\":\"\",\"append\":\"\",\"prefix-icon\":\"\",\"suffix-icon\":\"\",\"maxlength\":null,\"show-word-limit\":false,\"readonly\":false,\"disabled\":false,\"required\":true,\"regList\":[],\"changeTag\":true,\"document\":\"https://element-plus.org/zh-CN/component/input\",\"formId\":103,\"renderKey\":1741421648331,\"layout\":\"colFormItem\",\"vModel\":\"salary\"},{\"label\":\"入职时间\",\"tag\":\"el-date-picker\",\"tagIcon\":\"date\",\"placeholder\":\"请选择入职时间\",\"defaultValue\":null,\"type\":\"date\",\"span\":24,\"labelWidth\":null,\"style\":{\"width\":\"100%\"},\"disabled\":false,\"clearable\":true,\"required\":true,\"format\":\"YYYY-MM-DD\",\"value-format\":\"YYYY-MM-DD\",\"readonly\":false,\"regList\":[],\"changeTag\":true,\"document\":\"https://element-plus.org/zh-CN/component/date-picker\",\"formId\":105,\"renderKey\":1741421688014,\"layout\":\"colFormItem\",\"vModel\":\"joinDate\"},{\"label\":\"下拉选择\",\"tag\":\"el-select\",\"tagIcon\":\"select\",\"placeholder\":\"请选择下拉选择\",\"span\":24,\"labelWidth\":null,\"style\":{\"width\":\"100%\"},\"clearable\":true,\"disabled\":false,\"required\":true,\"filterable\":false,\"multiple\":false,\"options\":[{\"label\":\"选项一\",\"value\":1},{\"label\":\"选项二\",\"value\":2}],\"regList\":[],\"changeTag\":true,\"document\":\"https://element-plus.org/zh-CN/component/select\",\"formId\":101,\"renderKey\":1741424187717,\"layout\":\"colFormItem\",\"vModel\":\"field101\"}]'),
(23,	'2025-03-10 09:34:42',	'2025-03-10 09:34:42',	'0',	1,	103,	'用户信息统计表',	'<template>\n  <div class=\"app-container\">\n    <el-form ref=\"formRef\" :model=\"formData\" :rules=\"rules\" size=\"default\" label-width=\"100px\">\n      <el-form-item label=\"手机号\" prop=\"mobile\">\n        <el-input v-model=\"formData.mobile\" placeholder=\"请输入手机号\" :maxlength=\"11\" show-word-limit clearable\n          prefix-icon=\'Cellphone\' :style=\"{width: \'100%\'}\"></el-input>\n      </el-form-item>\n      <el-form-item label=\"姓名\" prop=\"name\">\n        <el-input v-model=\"formData.name\" type=\"text\" placeholder=\"请输入姓名\" clearable\n          :style=\"{width: \'100%\'}\"></el-input>\n      </el-form-item>\n      <el-form-item label=\"年龄\" prop=\"age\">\n        <el-input v-model=\"formData.age\" type=\"text\" placeholder=\"请输入年龄\" clearable\n          :style=\"{width: \'100%\'}\"></el-input>\n      </el-form-item>\n      <el-form-item>\n        <el-button type=\"primary\" @click=\"submitForm\">提交</el-button>\n        <el-button @click=\"resetForm\">重置</el-button>\n      </el-form-item>\n    </el-form>\n  </div>\n</template>\n<script setup>\nimport {\n  addForm_data\n}\nfrom \'@/api/system/form_data\'\nconst {\n  proxy\n} = getCurrentInstance()\nconst formRef = ref()\nconst data = reactive({\n  formData: {\n    mobile: \'\',\n    name: undefined,\n    age: undefined,\n  },\n  rules: {\n    mobile: [{\n      required: true,\n      message: \'请输入手机号\',\n      trigger: \'blur\'\n    }, {\n      pattern: new RegExp(/^1(3|4|5|7|8|9)\\d{9}$/),\n      message: \'手机号格式错误\',\n      trigger: \'blur\'\n    }],\n    name: [{\n      required: true,\n      message: \'请输入姓名\',\n      trigger: \'blur\'\n    }],\n    age: [{\n      required: true,\n      message: \'请输入年龄\',\n      trigger: \'blur\'\n    }],\n  }\n})\nconst {\n  formData,\n  rules\n} = toRefs(data)\n/**\n * @name: 表单提交\n * @description: 表单提交方法\n * @return {*}\n */\nfunction submitForm() {\n  formRef.value.validate((valid) => {\n    if (!valid) return\n    // 提交表单\n    let tempFormData = JSON.stringify(formData.value)\n    let params = {\n      formName: \'用户信息统计表\',\n      formData: tempFormData\n    }\n    addForm_data(params).then((response) => {\n      proxy.$modal.msgSuccess(\'新增成功\')\n      resetForm()\n    })\n  })\n}\n/**\n * @name: 表单重置\n * @description: 表单重置方法\n * @return {*}\n */\nfunction resetForm() {\n  formRef.value.resetFields()\n}\n\n</script>\n<style>\n</style>\n',	'{\"fields\":[{\"layout\":\"colFormItem\",\"tagIcon\":\"input\",\"label\":\"手机号\",\"vModel\":\"mobile\",\"formId\":6,\"tag\":\"el-input\",\"placeholder\":\"请输入手机号\",\"defaultValue\":\"\",\"span\":24,\"style\":{\"width\":\"100%\"},\"clearable\":true,\"prepend\":\"\",\"append\":\"\",\"prefix-icon\":\"Cellphone\",\"suffix-icon\":\"\",\"maxlength\":11,\"show-word-limit\":true,\"readonly\":false,\"disabled\":false,\"required\":true,\"changeTag\":true,\"regList\":[{\"pattern\":\"/^1(3|4|5|7|8|9)\\\\d{9}$/\",\"message\":\"手机号格式错误\"}]},{\"label\":\"姓名\",\"tag\":\"el-input\",\"tagIcon\":\"input\",\"type\":\"text\",\"placeholder\":\"请输入姓名\",\"span\":24,\"labelWidth\":null,\"style\":{\"width\":\"100%\"},\"clearable\":true,\"prepend\":\"\",\"append\":\"\",\"prefix-icon\":\"\",\"suffix-icon\":\"\",\"maxlength\":null,\"show-word-limit\":false,\"readonly\":false,\"disabled\":false,\"required\":true,\"regList\":[],\"changeTag\":true,\"document\":\"https://element-plus.org/zh-CN/component/input\",\"formId\":101,\"renderKey\":1741570446779,\"layout\":\"colFormItem\",\"vModel\":\"name\"},{\"label\":\"年龄\",\"tag\":\"el-input\",\"tagIcon\":\"input\",\"type\":\"text\",\"placeholder\":\"请输入年龄\",\"span\":24,\"labelWidth\":null,\"style\":{\"width\":\"100%\"},\"clearable\":true,\"prepend\":\"\",\"append\":\"\",\"prefix-icon\":\"\",\"suffix-icon\":\"\",\"maxlength\":null,\"show-word-limit\":false,\"readonly\":false,\"disabled\":false,\"required\":true,\"regList\":[],\"changeTag\":true,\"document\":\"https://element-plus.org/zh-CN/component/input\",\"formId\":102,\"renderKey\":1741570462816,\"layout\":\"colFormItem\",\"vModel\":\"age\"}],\"formRef\":\"formRef\",\"formModel\":\"formData\",\"size\":\"default\",\"labelPosition\":\"right\",\"labelWidth\":100,\"formRules\":\"rules\",\"gutter\":15,\"disabled\":false,\"span\":24,\"formBtns\":true,\"remark\":\"用户信息统计表\"}',	'{\"formRef\":\"formRef\",\"formModel\":\"formData\",\"size\":\"default\",\"labelPosition\":\"right\",\"labelWidth\":100,\"formRules\":\"rules\",\"gutter\":15,\"disabled\":false,\"span\":24,\"formBtns\":true,\"remark\":\"用户信息统计表\"}',	'{\"type\":\"file\"}',	'[{\"layout\":\"colFormItem\",\"tagIcon\":\"input\",\"label\":\"手机号\",\"vModel\":\"mobile\",\"formId\":6,\"tag\":\"el-input\",\"placeholder\":\"请输入手机号\",\"defaultValue\":\"\",\"span\":24,\"style\":{\"width\":\"100%\"},\"clearable\":true,\"prepend\":\"\",\"append\":\"\",\"prefix-icon\":\"Cellphone\",\"suffix-icon\":\"\",\"maxlength\":11,\"show-word-limit\":true,\"readonly\":false,\"disabled\":false,\"required\":true,\"changeTag\":true,\"regList\":[{\"pattern\":\"/^1(3|4|5|7|8|9)\\\\d{9}$/\",\"message\":\"手机号格式错误\"}]},{\"label\":\"姓名\",\"tag\":\"el-input\",\"tagIcon\":\"input\",\"type\":\"text\",\"placeholder\":\"请输入姓名\",\"span\":24,\"labelWidth\":null,\"style\":{\"width\":\"100%\"},\"clearable\":true,\"prepend\":\"\",\"append\":\"\",\"prefix-icon\":\"\",\"suffix-icon\":\"\",\"maxlength\":null,\"show-word-limit\":false,\"readonly\":false,\"disabled\":false,\"required\":true,\"regList\":[],\"changeTag\":true,\"document\":\"https://element-plus.org/zh-CN/component/input\",\"formId\":101,\"renderKey\":1741570446779,\"layout\":\"colFormItem\",\"vModel\":\"name\"},{\"label\":\"年龄\",\"tag\":\"el-input\",\"tagIcon\":\"input\",\"type\":\"text\",\"placeholder\":\"请输入年龄\",\"span\":24,\"labelWidth\":null,\"style\":{\"width\":\"100%\"},\"clearable\":true,\"prepend\":\"\",\"append\":\"\",\"prefix-icon\":\"\",\"suffix-icon\":\"\",\"maxlength\":null,\"show-word-limit\":false,\"readonly\":false,\"disabled\":false,\"required\":true,\"regList\":[],\"changeTag\":true,\"document\":\"https://element-plus.org/zh-CN/component/input\",\"formId\":102,\"renderKey\":1741570462816,\"layout\":\"colFormItem\",\"vModel\":\"age\"}]'),
(24,	'2025-03-10 09:36:12',	'2025-03-10 09:36:12',	'0',	1,	103,	'测试表单名称',	'<template>\n  <div class=\"app-container\">\n    <el-form ref=\"formRef\" :model=\"formData\" :rules=\"rules\" size=\"default\" label-width=\"100px\">\n      <el-form-item label=\"手机号\" prop=\"mobile\">\n        <el-input v-model=\"formData.mobile\" placeholder=\"请输入手机号\" :maxlength=\"11\" show-word-limit clearable\n          prefix-icon=\'Cellphone\' :style=\"{width: \'100%\'}\"></el-input>\n      </el-form-item>\n      <el-form-item label=\"单行文本\" prop=\"field101\">\n        <el-input v-model=\"formData.field101\" type=\"text\" placeholder=\"请输入单行文本\" clearable\n          :style=\"{width: \'100%\'}\"></el-input>\n      </el-form-item>\n      <el-form-item label=\"多行文本\" prop=\"field102\">\n        <el-input v-model=\"formData.field102\" type=\"textarea\" placeholder=\"请输入多行文本\"\n          :autosize=\"{minRows: 4, maxRows: 4}\" :style=\"{width: \'100%\'}\"></el-input>\n      </el-form-item>\n      <el-form-item label=\"级联选择\" prop=\"field103\">\n        <el-cascader v-model=\"formData.field103\" :options=\"field103Options\" :props=\"field103Props\"\n          :style=\"{width: \'100%\'}\" placeholder=\"请选择级联选择\" clearable></el-cascader>\n      </el-form-item>\n      <el-row gutter=\"15\">\n        <el-form-item label=\"单行文本\" prop=\"field105\">\n          <el-input v-model=\"formData.field105\" type=\"text\" placeholder=\"请输入单行文本\" clearable\n            :style=\"{width: \'100%\'}\"></el-input>\n        </el-form-item>\n        <el-form-item label=\"按钮\" prop=\"field107\">\n          <el-button type=\"primary\" icon=\"Search\" size=\"default\"> 主要按钮 </el-button>\n        </el-form-item>\n        <el-form-item label=\"单行文本\" prop=\"field106\">\n          <el-input v-model=\"formData.field106\" type=\"text\" placeholder=\"请输入单行文本\" clearable\n            :style=\"{width: \'100%\'}\"></el-input>\n        </el-form-item>\n      </el-row>\n      <el-form-item>\n        <el-button type=\"primary\" @click=\"submitForm\">提交</el-button>\n        <el-button @click=\"resetForm\">重置</el-button>\n      </el-form-item>\n    </el-form>\n  </div>\n</template>\n<script setup>\nimport {\n  addForm_data\n}\nfrom \'@/api/system/form_data\'\nconst {\n  proxy\n} = getCurrentInstance()\nconst formRef = ref()\nconst data = reactive({\n  formData: {\n    mobile: \'\',\n    field101: undefined,\n    field102: undefined,\n    field103: [],\n    field105: undefined,\n    field107: undefined,\n    field106: undefined,\n  },\n  rules: {\n    mobile: [{\n      required: true,\n      message: \'请输入手机号\',\n      trigger: \'blur\'\n    }, {\n      pattern: new RegExp(/^1(3|4|5|7|8|9)\\d{9}$/),\n      message: \'手机号格式错误\',\n      trigger: \'blur\'\n    }],\n    field101: [{\n      required: true,\n      message: \'请输入单行文本\',\n      trigger: \'blur\'\n    }],\n    field102: [{\n      required: true,\n      message: \'请输入多行文本\',\n      trigger: \'blur\'\n    }],\n    field103: [{\n      required: true,\n      type: \'array\',\n      message: \'请至少选择一个field103\',\n      trigger: \'change\'\n    }],\n    field105: [{\n      required: true,\n      message: \'请输入单行文本\',\n      trigger: \'blur\'\n    }],\n    field106: [{\n      required: true,\n      message: \'请输入单行文本\',\n      trigger: \'blur\'\n    }],\n  }\n})\nconst {\n  formData,\n  rules\n} = toRefs(data)\nconst field103Options = ref([])\n// props设置\nconst field103Props = ref({\n  \"multiple\": false\n})\n\nfunction getField103Options() {\n  // TODO 发起请求获取数据\n  field103Options.value\n}\n/**\n * @name: 表单提交\n * @description: 表单提交方法\n * @return {*}\n */\nfunction submitForm() {\n  formRef.value.validate((valid) => {\n    if (!valid) return\n    // 提交表单\n    let tempFormData = JSON.stringify(formData.value)\n    let params = {\n      formName: \'测试表单名称\',\n      formData: tempFormData\n    }\n    addForm_data(params).then((response) => {\n      proxy.$modal.msgSuccess(\'新增成功\')\n      resetForm()\n    })\n  })\n}\n/**\n * @name: 表单重置\n * @description: 表单重置方法\n * @return {*}\n */\nfunction resetForm() {\n  formRef.value.resetFields()\n}\n\n</script>\n<style>\n</style>\n',	'{\"fields\":[{\"layout\":\"colFormItem\",\"tagIcon\":\"input\",\"label\":\"手机号\",\"vModel\":\"mobile\",\"formId\":6,\"tag\":\"el-input\",\"placeholder\":\"请输入手机号\",\"defaultValue\":\"\",\"span\":24,\"style\":{\"width\":\"100%\"},\"clearable\":true,\"prepend\":\"\",\"append\":\"\",\"prefix-icon\":\"Cellphone\",\"suffix-icon\":\"\",\"maxlength\":11,\"show-word-limit\":true,\"readonly\":false,\"disabled\":false,\"required\":true,\"changeTag\":true,\"regList\":[{\"pattern\":\"/^1(3|4|5|7|8|9)\\\\d{9}$/\",\"message\":\"手机号格式错误\"}]},{\"label\":\"单行文本\",\"tag\":\"el-input\",\"tagIcon\":\"input\",\"type\":\"text\",\"placeholder\":\"请输入单行文本\",\"span\":24,\"labelWidth\":null,\"style\":{\"width\":\"100%\"},\"clearable\":true,\"prepend\":\"\",\"append\":\"\",\"prefix-icon\":\"\",\"suffix-icon\":\"\",\"maxlength\":null,\"show-word-limit\":false,\"readonly\":false,\"disabled\":false,\"required\":true,\"regList\":[],\"changeTag\":true,\"document\":\"https://element-plus.org/zh-CN/component/input\",\"formId\":101,\"renderKey\":1741570522642,\"layout\":\"colFormItem\",\"vModel\":\"field101\"},{\"label\":\"多行文本\",\"tag\":\"el-input\",\"tagIcon\":\"textarea\",\"type\":\"textarea\",\"placeholder\":\"请输入多行文本\",\"span\":24,\"labelWidth\":null,\"autosize\":{\"minRows\":4,\"maxRows\":4},\"style\":{\"width\":\"100%\"},\"maxlength\":null,\"show-word-limit\":false,\"readonly\":false,\"disabled\":false,\"required\":true,\"regList\":[],\"changeTag\":true,\"document\":\"https://element-plus.org/zh-CN/component/input\",\"formId\":102,\"renderKey\":1741570524174,\"layout\":\"colFormItem\",\"vModel\":\"field102\"},{\"label\":\"级联选择\",\"tag\":\"el-cascader\",\"tagIcon\":\"cascader\",\"placeholder\":\"请选择级联选择\",\"defaultValue\":[],\"span\":24,\"labelWidth\":null,\"style\":{\"width\":\"100%\"},\"props\":{\"props\":{\"multiple\":false}},\"show-all-levels\":true,\"disabled\":false,\"clearable\":true,\"filterable\":false,\"required\":true,\"options\":[{\"id\":1,\"value\":1,\"label\":\"选项1\",\"children\":[{\"id\":2,\"value\":2,\"label\":\"选项1-1\"}]}],\"dataType\":\"dynamic\",\"labelKey\":\"label\",\"valueKey\":\"value\",\"childrenKey\":\"children\",\"separator\":\"/\",\"regList\":[],\"changeTag\":true,\"document\":\"https://element-plus.org/zh-CN/component/cascader\",\"formId\":103,\"renderKey\":1741570526455,\"layout\":\"colFormItem\",\"vModel\":\"field103\"},{\"layout\":\"rowFormItem\",\"tagIcon\":\"row\",\"type\":\"default\",\"justify\":\"start\",\"align\":\"top\",\"layoutTree\":true,\"children\":[{\"label\":\"单行文本\",\"tag\":\"el-input\",\"tagIcon\":\"input\",\"type\":\"text\",\"placeholder\":\"请输入单行文本\",\"span\":24,\"labelWidth\":null,\"style\":{\"width\":\"100%\"},\"clearable\":true,\"prepend\":\"\",\"append\":\"\",\"prefix-icon\":\"\",\"suffix-icon\":\"\",\"maxlength\":null,\"show-word-limit\":false,\"readonly\":false,\"disabled\":false,\"required\":true,\"regList\":[],\"changeTag\":true,\"document\":\"https://element-plus.org/zh-CN/component/input\",\"formId\":105,\"renderKey\":1741570535124,\"layout\":\"colFormItem\",\"vModel\":\"field105\"},{\"layout\":\"colFormItem\",\"label\":\"按钮\",\"changeTag\":true,\"labelWidth\":null,\"tag\":\"el-button\",\"tagIcon\":\"button\",\"span\":24,\"default\":\"主要按钮\",\"type\":\"primary\",\"icon\":\"Search\",\"size\":\"default\",\"disabled\":false,\"document\":\"https://element-plus.org/zh-CN/component/button\",\"formId\":107,\"renderKey\":1741570542355,\"vModel\":\"field107\"},{\"label\":\"单行文本\",\"tag\":\"el-input\",\"tagIcon\":\"input\",\"type\":\"text\",\"placeholder\":\"请输入单行文本\",\"span\":24,\"labelWidth\":null,\"style\":{\"width\":\"100%\"},\"clearable\":true,\"prepend\":\"\",\"append\":\"\",\"prefix-icon\":\"\",\"suffix-icon\":\"\",\"maxlength\":null,\"show-word-limit\":false,\"readonly\":false,\"disabled\":false,\"required\":true,\"regList\":[],\"changeTag\":true,\"document\":\"https://element-plus.org/zh-CN/component/input\",\"formId\":106,\"renderKey\":1741570538181,\"layout\":\"colFormItem\",\"vModel\":\"field106\"}],\"document\":\"https://element-plus.org/zh-CN/component/layout\",\"formId\":104,\"span\":24,\"renderKey\":1741570532391,\"componentName\":\"row104\",\"gutter\":15}],\"formRef\":\"formRef\",\"formModel\":\"formData\",\"size\":\"default\",\"labelPosition\":\"right\",\"labelWidth\":100,\"formRules\":\"rules\",\"gutter\":15,\"disabled\":false,\"span\":24,\"formBtns\":true,\"remark\":\"测试表单名称\"}',	'{\"formRef\":\"formRef\",\"formModel\":\"formData\",\"size\":\"default\",\"labelPosition\":\"right\",\"labelWidth\":100,\"formRules\":\"rules\",\"gutter\":15,\"disabled\":false,\"span\":24,\"formBtns\":true,\"remark\":\"测试表单名称\"}',	'{\"type\":\"file\"}',	'[{\"layout\":\"colFormItem\",\"tagIcon\":\"input\",\"label\":\"手机号\",\"vModel\":\"mobile\",\"formId\":6,\"tag\":\"el-input\",\"placeholder\":\"请输入手机号\",\"defaultValue\":\"\",\"span\":24,\"style\":{\"width\":\"100%\"},\"clearable\":true,\"prepend\":\"\",\"append\":\"\",\"prefix-icon\":\"Cellphone\",\"suffix-icon\":\"\",\"maxlength\":11,\"show-word-limit\":true,\"readonly\":false,\"disabled\":false,\"required\":true,\"changeTag\":true,\"regList\":[{\"pattern\":\"/^1(3|4|5|7|8|9)\\\\d{9}$/\",\"message\":\"手机号格式错误\"}]},{\"label\":\"单行文本\",\"tag\":\"el-input\",\"tagIcon\":\"input\",\"type\":\"text\",\"placeholder\":\"请输入单行文本\",\"span\":24,\"labelWidth\":null,\"style\":{\"width\":\"100%\"},\"clearable\":true,\"prepend\":\"\",\"append\":\"\",\"prefix-icon\":\"\",\"suffix-icon\":\"\",\"maxlength\":null,\"show-word-limit\":false,\"readonly\":false,\"disabled\":false,\"required\":true,\"regList\":[],\"changeTag\":true,\"document\":\"https://element-plus.org/zh-CN/component/input\",\"formId\":101,\"renderKey\":1741570522642,\"layout\":\"colFormItem\",\"vModel\":\"field101\"},{\"label\":\"多行文本\",\"tag\":\"el-input\",\"tagIcon\":\"textarea\",\"type\":\"textarea\",\"placeholder\":\"请输入多行文本\",\"span\":24,\"labelWidth\":null,\"autosize\":{\"minRows\":4,\"maxRows\":4},\"style\":{\"width\":\"100%\"},\"maxlength\":null,\"show-word-limit\":false,\"readonly\":false,\"disabled\":false,\"required\":true,\"regList\":[],\"changeTag\":true,\"document\":\"https://element-plus.org/zh-CN/component/input\",\"formId\":102,\"renderKey\":1741570524174,\"layout\":\"colFormItem\",\"vModel\":\"field102\"},{\"label\":\"级联选择\",\"tag\":\"el-cascader\",\"tagIcon\":\"cascader\",\"placeholder\":\"请选择级联选择\",\"defaultValue\":[],\"span\":24,\"labelWidth\":null,\"style\":{\"width\":\"100%\"},\"props\":{\"props\":{\"multiple\":false}},\"show-all-levels\":true,\"disabled\":false,\"clearable\":true,\"filterable\":false,\"required\":true,\"options\":[{\"id\":1,\"value\":1,\"label\":\"选项1\",\"children\":[{\"id\":2,\"value\":2,\"label\":\"选项1-1\"}]}],\"dataType\":\"dynamic\",\"labelKey\":\"label\",\"valueKey\":\"value\",\"childrenKey\":\"children\",\"separator\":\"/\",\"regList\":[],\"changeTag\":true,\"document\":\"https://element-plus.org/zh-CN/component/cascader\",\"formId\":103,\"renderKey\":1741570526455,\"layout\":\"colFormItem\",\"vModel\":\"field103\"},{\"layout\":\"rowFormItem\",\"tagIcon\":\"row\",\"type\":\"default\",\"justify\":\"start\",\"align\":\"top\",\"layoutTree\":true,\"children\":[{\"label\":\"单行文本\",\"tag\":\"el-input\",\"tagIcon\":\"input\",\"type\":\"text\",\"placeholder\":\"请输入单行文本\",\"span\":24,\"labelWidth\":null,\"style\":{\"width\":\"100%\"},\"clearable\":true,\"prepend\":\"\",\"append\":\"\",\"prefix-icon\":\"\",\"suffix-icon\":\"\",\"maxlength\":null,\"show-word-limit\":false,\"readonly\":false,\"disabled\":false,\"required\":true,\"regList\":[],\"changeTag\":true,\"document\":\"https://element-plus.org/zh-CN/component/input\",\"formId\":105,\"renderKey\":1741570535124,\"layout\":\"colFormItem\",\"vModel\":\"field105\"},{\"layout\":\"colFormItem\",\"label\":\"按钮\",\"changeTag\":true,\"labelWidth\":null,\"tag\":\"el-button\",\"tagIcon\":\"button\",\"span\":24,\"default\":\"主要按钮\",\"type\":\"primary\",\"icon\":\"Search\",\"size\":\"default\",\"disabled\":false,\"document\":\"https://element-plus.org/zh-CN/component/button\",\"formId\":107,\"renderKey\":1741570542355,\"vModel\":\"field107\"},{\"label\":\"单行文本\",\"tag\":\"el-input\",\"tagIcon\":\"input\",\"type\":\"text\",\"placeholder\":\"请输入单行文本\",\"span\":24,\"labelWidth\":null,\"style\":{\"width\":\"100%\"},\"clearable\":true,\"prepend\":\"\",\"append\":\"\",\"prefix-icon\":\"\",\"suffix-icon\":\"\",\"maxlength\":null,\"show-word-limit\":false,\"readonly\":false,\"disabled\":false,\"required\":true,\"regList\":[],\"changeTag\":true,\"document\":\"https://element-plus.org/zh-CN/component/input\",\"formId\":106,\"renderKey\":1741570538181,\"layout\":\"colFormItem\",\"vModel\":\"field106\"}],\"document\":\"https://element-plus.org/zh-CN/component/layout\",\"formId\":104,\"span\":24,\"renderKey\":1741570532391,\"componentName\":\"row104\",\"gutter\":15}]'),
(25,	'2025-03-14 23:22:23',	'2025-03-14 23:22:23',	'0',	1,	103,	'薪资期望表单',	'<template>\n  <div class=\"app-container\">\n    <el-form ref=\"formRef\" :model=\"formData\" :rules=\"rules\" size=\"default\" label-width=\"100px\">\n      <el-form-item label=\"手机号\" prop=\"mobile\">\n        <el-input v-model=\"formData.mobile\" placeholder=\"请输入手机号\" :maxlength=\"11\" show-word-limit clearable\n          prefix-icon=\'Cellphone\' :style=\"{width: \'100%\'}\"></el-input>\n      </el-form-item>\n      <el-form-item label=\"姓名\" prop=\"name\">\n        <el-input v-model=\"formData.name\" type=\"text\" placeholder=\"请输入姓名\" clearable\n          :style=\"{width: \'100%\'}\"></el-input>\n      </el-form-item>\n      <el-form-item label=\"年龄\" prop=\"age\">\n        <el-input v-model=\"formData.age\" type=\"text\" placeholder=\"请输入年龄\" clearable\n          :style=\"{width: \'100%\'}\"></el-input>\n      </el-form-item>\n      <el-form-item label=\"期望薪资\" prop=\"salary\">\n        <el-input v-model=\"formData.salary\" type=\"text\" placeholder=\"请输入期望薪资\" clearable\n          :style=\"{width: \'100%\'}\"></el-input>\n      </el-form-item>\n      <el-form-item label=\"入职时间\" prop=\"joinDate\">\n        <el-input v-model=\"formData.joinDate\" type=\"text\" placeholder=\"请输入入职时间\" clearable\n          :style=\"{width: \'100%\'}\"></el-input>\n      </el-form-item>\n      <el-form-item>\n        <el-button type=\"primary\" @click=\"submitForm\">提交</el-button>\n        <el-button @click=\"resetForm\">重置</el-button>\n      </el-form-item>\n    </el-form>\n  </div>\n</template>\n<script setup>\nimport {\n  addForm_data\n}\nfrom \'@/api/system/form_data\'\nconst {\n  proxy\n} = getCurrentInstance()\nconst formRef = ref()\nconst data = reactive({\n  formData: {\n    mobile: \'\',\n    name: undefined,\n    age: undefined,\n    salary: undefined,\n    joinDate: undefined,\n  },\n  rules: {\n    mobile: [{\n      required: true,\n      message: \'请输入手机号\',\n      trigger: \'blur\'\n    }, {\n      pattern: new RegExp(/^1(3|4|5|7|8|9)\\d{9}$/),\n      message: \'手机号格式错误\',\n      trigger: \'blur\'\n    }],\n    name: [{\n      required: true,\n      message: \'请输入姓名\',\n      trigger: \'blur\'\n    }],\n    age: [{\n      required: true,\n      message: \'请输入年龄\',\n      trigger: \'blur\'\n    }],\n    salary: [{\n      required: true,\n      message: \'请输入期望薪资\',\n      trigger: \'blur\'\n    }],\n    joinDate: [{\n      required: true,\n      message: \'请输入入职时间\',\n      trigger: \'blur\'\n    }],\n  }\n})\nconst {\n  formData,\n  rules\n} = toRefs(data)\n/**\n * @name: 表单提交\n * @description: 表单提交方法\n * @return {*}\n */\nfunction submitForm() {\n  formRef.value.validate((valid) => {\n    if (!valid) return\n    // 提交表单\n    let tempFormData = JSON.stringify(formData.value)\n    let params = {\n      formName: \'薪资期望表单\',\n      formData: tempFormData\n    }\n    addForm_data(params).then((response) => {\n      proxy.$modal.msgSuccess(\'新增成功\')\n      resetForm()\n    })\n  })\n}\n/**\n * @name: 表单重置\n * @description: 表单重置方法\n * @return {*}\n */\nfunction resetForm() {\n  formRef.value.resetFields()\n}\n\n</script>\n<style>\n</style>\n',	'{\"fields\":[{\"layout\":\"colFormItem\",\"tagIcon\":\"input\",\"label\":\"手机号\",\"vModel\":\"mobile\",\"formId\":6,\"tag\":\"el-input\",\"placeholder\":\"请输入手机号\",\"defaultValue\":\"\",\"span\":24,\"style\":{\"width\":\"100%\"},\"clearable\":true,\"prepend\":\"\",\"append\":\"\",\"prefix-icon\":\"Cellphone\",\"suffix-icon\":\"\",\"maxlength\":11,\"show-word-limit\":true,\"readonly\":false,\"disabled\":false,\"required\":true,\"changeTag\":true,\"regList\":[{\"pattern\":\"/^1(3|4|5|7|8|9)\\\\d{9}$/\",\"message\":\"手机号格式错误\"}]},{\"label\":\"姓名\",\"tag\":\"el-input\",\"tagIcon\":\"input\",\"type\":\"text\",\"placeholder\":\"请输入姓名\",\"span\":24,\"labelWidth\":null,\"style\":{\"width\":\"100%\"},\"clearable\":true,\"prepend\":\"\",\"append\":\"\",\"prefix-icon\":\"\",\"suffix-icon\":\"\",\"maxlength\":null,\"show-word-limit\":false,\"readonly\":false,\"disabled\":false,\"required\":true,\"regList\":[],\"changeTag\":true,\"document\":\"https://element-plus.org/zh-CN/component/input\",\"formId\":101,\"renderKey\":1741965605438,\"layout\":\"colFormItem\",\"vModel\":\"name\"},{\"label\":\"年龄\",\"tag\":\"el-input\",\"tagIcon\":\"input\",\"type\":\"text\",\"placeholder\":\"请输入年龄\",\"span\":24,\"labelWidth\":null,\"style\":{\"width\":\"100%\"},\"clearable\":true,\"prepend\":\"\",\"append\":\"\",\"prefix-icon\":\"\",\"suffix-icon\":\"\",\"maxlength\":null,\"show-word-limit\":false,\"readonly\":false,\"disabled\":false,\"required\":true,\"regList\":[],\"changeTag\":true,\"document\":\"https://element-plus.org/zh-CN/component/input\",\"formId\":102,\"renderKey\":1741965621419,\"layout\":\"colFormItem\",\"vModel\":\"age\"},{\"label\":\"期望薪资\",\"tag\":\"el-input\",\"tagIcon\":\"input\",\"type\":\"text\",\"placeholder\":\"请输入期望薪资\",\"span\":24,\"labelWidth\":null,\"style\":{\"width\":\"100%\"},\"clearable\":true,\"prepend\":\"\",\"append\":\"\",\"prefix-icon\":\"\",\"suffix-icon\":\"\",\"maxlength\":null,\"show-word-limit\":false,\"readonly\":false,\"disabled\":false,\"required\":true,\"regList\":[],\"changeTag\":true,\"document\":\"https://element-plus.org/zh-CN/component/input\",\"formId\":103,\"renderKey\":1741965632534,\"layout\":\"colFormItem\",\"vModel\":\"salary\"},{\"label\":\"入职时间\",\"tag\":\"el-input\",\"tagIcon\":\"input\",\"type\":\"text\",\"placeholder\":\"请输入入职时间\",\"span\":24,\"labelWidth\":null,\"style\":{\"width\":\"100%\"},\"clearable\":true,\"prepend\":\"\",\"append\":\"\",\"prefix-icon\":\"\",\"suffix-icon\":\"\",\"maxlength\":null,\"show-word-limit\":false,\"readonly\":false,\"disabled\":false,\"required\":true,\"regList\":[],\"changeTag\":true,\"document\":\"https://element-plus.org/zh-CN/component/input\",\"formId\":104,\"renderKey\":1741965646334,\"layout\":\"colFormItem\",\"vModel\":\"joinDate\"}],\"formRef\":\"formRef\",\"formModel\":\"formData\",\"size\":\"default\",\"labelPosition\":\"right\",\"labelWidth\":100,\"formRules\":\"rules\",\"gutter\":15,\"disabled\":false,\"span\":24,\"formBtns\":true,\"remark\":\"薪资期望表单\"}',	'{\"formRef\":\"formRef\",\"formModel\":\"formData\",\"size\":\"default\",\"labelPosition\":\"right\",\"labelWidth\":100,\"formRules\":\"rules\",\"gutter\":15,\"disabled\":false,\"span\":24,\"formBtns\":true,\"remark\":\"薪资期望表单\"}',	'{\"type\":\"file\"}',	'[{\"layout\":\"colFormItem\",\"tagIcon\":\"input\",\"label\":\"手机号\",\"vModel\":\"mobile\",\"formId\":6,\"tag\":\"el-input\",\"placeholder\":\"请输入手机号\",\"defaultValue\":\"\",\"span\":24,\"style\":{\"width\":\"100%\"},\"clearable\":true,\"prepend\":\"\",\"append\":\"\",\"prefix-icon\":\"Cellphone\",\"suffix-icon\":\"\",\"maxlength\":11,\"show-word-limit\":true,\"readonly\":false,\"disabled\":false,\"required\":true,\"changeTag\":true,\"regList\":[{\"pattern\":\"/^1(3|4|5|7|8|9)\\\\d{9}$/\",\"message\":\"手机号格式错误\"}]},{\"label\":\"姓名\",\"tag\":\"el-input\",\"tagIcon\":\"input\",\"type\":\"text\",\"placeholder\":\"请输入姓名\",\"span\":24,\"labelWidth\":null,\"style\":{\"width\":\"100%\"},\"clearable\":true,\"prepend\":\"\",\"append\":\"\",\"prefix-icon\":\"\",\"suffix-icon\":\"\",\"maxlength\":null,\"show-word-limit\":false,\"readonly\":false,\"disabled\":false,\"required\":true,\"regList\":[],\"changeTag\":true,\"document\":\"https://element-plus.org/zh-CN/component/input\",\"formId\":101,\"renderKey\":1741965605438,\"layout\":\"colFormItem\",\"vModel\":\"name\"},{\"label\":\"年龄\",\"tag\":\"el-input\",\"tagIcon\":\"input\",\"type\":\"text\",\"placeholder\":\"请输入年龄\",\"span\":24,\"labelWidth\":null,\"style\":{\"width\":\"100%\"},\"clearable\":true,\"prepend\":\"\",\"append\":\"\",\"prefix-icon\":\"\",\"suffix-icon\":\"\",\"maxlength\":null,\"show-word-limit\":false,\"readonly\":false,\"disabled\":false,\"required\":true,\"regList\":[],\"changeTag\":true,\"document\":\"https://element-plus.org/zh-CN/component/input\",\"formId\":102,\"renderKey\":1741965621419,\"layout\":\"colFormItem\",\"vModel\":\"age\"},{\"label\":\"期望薪资\",\"tag\":\"el-input\",\"tagIcon\":\"input\",\"type\":\"text\",\"placeholder\":\"请输入期望薪资\",\"span\":24,\"labelWidth\":null,\"style\":{\"width\":\"100%\"},\"clearable\":true,\"prepend\":\"\",\"append\":\"\",\"prefix-icon\":\"\",\"suffix-icon\":\"\",\"maxlength\":null,\"show-word-limit\":false,\"readonly\":false,\"disabled\":false,\"required\":true,\"regList\":[],\"changeTag\":true,\"document\":\"https://element-plus.org/zh-CN/component/input\",\"formId\":103,\"renderKey\":1741965632534,\"layout\":\"colFormItem\",\"vModel\":\"salary\"},{\"label\":\"入职时间\",\"tag\":\"el-input\",\"tagIcon\":\"input\",\"type\":\"text\",\"placeholder\":\"请输入入职时间\",\"span\":24,\"labelWidth\":null,\"style\":{\"width\":\"100%\"},\"clearable\":true,\"prepend\":\"\",\"append\":\"\",\"prefix-icon\":\"\",\"suffix-icon\":\"\",\"maxlength\":null,\"show-word-limit\":false,\"readonly\":false,\"disabled\":false,\"required\":true,\"regList\":[],\"changeTag\":true,\"document\":\"https://element-plus.org/zh-CN/component/input\",\"formId\":104,\"renderKey\":1741965646334,\"layout\":\"colFormItem\",\"vModel\":\"joinDate\"}]');

DROP TABLE IF EXISTS `sys_form_data`;
CREATE TABLE `sys_form_data` (
  `id` int NOT NULL AUTO_INCREMENT COMMENT 'id',
  `create_time` datetime DEFAULT NULL COMMENT '创建时间',
  `update_time` datetime DEFAULT NULL ON UPDATE CURRENT_TIMESTAMP COMMENT '更新时间',
  `del_flag` char(1) CHARACTER SET utf8mb4 COLLATE utf8mb4_general_ci DEFAULT '0' COMMENT '删除标志',
  `create_by` int NOT NULL COMMENT '创建者',
  `dept_id` int NOT NULL COMMENT '部门id',
  `form_name` varchar(255) CHARACTER SET utf8mb4 COLLATE utf8mb4_general_ci NOT NULL COMMENT '表单名称',
  `form_data` text CHARACTER SET utf8mb4 COLLATE utf8mb4_general_ci NOT NULL COMMENT '表单数据',
  `form_id` int NOT NULL COMMENT '表单ID',
  PRIMARY KEY (`id`) USING BTREE
) ENGINE=InnoDB AUTO_INCREMENT=26 DEFAULT CHARSET=utf8mb4 COLLATE=utf8mb4_general_ci COMMENT='系统表单';

INSERT INTO `sys_form_data` (`id`, `create_time`, `update_time`, `del_flag`, `create_by`, `dept_id`, `form_name`, `form_data`, `form_id`) VALUES
(25,	'2025-03-14 23:25:52',	'2025-03-14 23:25:52',	'0',	1,	103,	'薪资期望表单',	'{\"mobile\":\"18099993333\",\"name\":\"张三\",\"age\":\"30\",\"salary\":\"8000\",\"joinDate\":\"2025-4-1\"}',	25);

DROP TABLE IF EXISTS `sys_job`;
CREATE TABLE `sys_job` (
  `job_id` bigint NOT NULL AUTO_INCREMENT COMMENT '任务ID',
  `job_name` varchar(64) CHARACTER SET utf8mb4 COLLATE utf8mb4_general_ci NOT NULL DEFAULT '' COMMENT '任务名称',
  `job_group` varchar(64) CHARACTER SET utf8mb4 COLLATE utf8mb4_general_ci NOT NULL DEFAULT 'default' COMMENT '任务组名',
  `job_executor` varchar(64) CHARACTER SET utf8mb4 COLLATE utf8mb4_general_ci DEFAULT 'default' COMMENT '任务执行器',
  `invoke_target` varchar(500) CHARACTER SET utf8mb4 COLLATE utf8mb4_general_ci NOT NULL COMMENT '调用目标字符串',
  `job_args` varchar(255) CHARACTER SET utf8mb4 COLLATE utf8mb4_general_ci DEFAULT '' COMMENT '位置参数',
  `job_kwargs` varchar(255) CHARACTER SET utf8mb4 COLLATE utf8mb4_general_ci DEFAULT '' COMMENT '关键字参数',
  `cron_expression` varchar(255) CHARACTER SET utf8mb4 COLLATE utf8mb4_general_ci DEFAULT '' COMMENT 'cron执行表达式',
  `misfire_policy` varchar(20) CHARACTER SET utf8mb4 COLLATE utf8mb4_general_ci DEFAULT '3' COMMENT '计划执行错误策略（1立即执行 2执行一次 3放弃执行）',
  `concurrent` char(1) CHARACTER SET utf8mb4 COLLATE utf8mb4_general_ci DEFAULT '1' COMMENT '是否并发执行（0允许 1禁止）',
  `status` char(1) CHARACTER SET utf8mb4 COLLATE utf8mb4_general_ci DEFAULT '0' COMMENT '状态（0正常 1暂停）',
  `create_by` varchar(64) CHARACTER SET utf8mb4 COLLATE utf8mb4_general_ci DEFAULT '' COMMENT '创建者',
  `create_time` datetime DEFAULT NULL COMMENT '创建时间',
  `update_by` varchar(64) CHARACTER SET utf8mb4 COLLATE utf8mb4_general_ci DEFAULT '' COMMENT '更新者',
  `update_time` datetime DEFAULT NULL COMMENT '更新时间',
  `remark` varchar(500) CHARACTER SET utf8mb4 COLLATE utf8mb4_general_ci DEFAULT '' COMMENT '备注信息',
  PRIMARY KEY (`job_id`,`job_name`,`job_group`) USING BTREE
) ENGINE=InnoDB AUTO_INCREMENT=101 DEFAULT CHARSET=utf8mb4 COLLATE=utf8mb4_general_ci COMMENT='定时任务调度表';

INSERT INTO `sys_job` (`job_id`, `job_name`, `job_group`, `job_executor`, `invoke_target`, `job_args`, `job_kwargs`, `cron_expression`, `misfire_policy`, `concurrent`, `status`, `create_by`, `create_time`, `update_by`, `update_time`, `remark`) VALUES
(1,	'系统默认（无参）',	'default',	'default',	'module_task.scheduler_test.job',	NULL,	NULL,	'0/10 * * * * ?',	'3',	'1',	'1',	'admin',	'2024-11-13 14:12:02',	'',	NULL,	''),
(2,	'系统默认（有参）',	'default',	'default',	'module_task.scheduler_test.job',	'test',	NULL,	'0/15 * * * * ?',	'3',	'1',	'1',	'admin',	'2024-11-13 14:12:02',	'',	NULL,	''),
(3,	'系统默认（多参）',	'default',	'default',	'module_task.scheduler_test.job',	'new',	'{\"test\": 111}',	'0/20 * * * * ?',	'3',	'1',	'1',	'admin',	'2024-11-13 14:12:02',	'',	NULL,	''),
(100,	'文章每日生成',	'default',	'default',	'module_task.scheduler_test.fetch_table_data',	'',	'',	'0 0 0 1/1 * ?',	'1',	'1',	'0',	'admin',	'2024-11-29 15:42:14',	'admin',	'2025-04-11 11:45:07',	'');

DROP TABLE IF EXISTS `sys_job_log`;
CREATE TABLE `sys_job_log` (
  `job_log_id` bigint NOT NULL AUTO_INCREMENT COMMENT '任务日志ID',
  `job_name` varchar(64) CHARACTER SET utf8mb4 COLLATE utf8mb4_general_ci NOT NULL COMMENT '任务名称',
  `job_group` varchar(64) CHARACTER SET utf8mb4 COLLATE utf8mb4_general_ci NOT NULL COMMENT '任务组名',
  `job_executor` varchar(64) CHARACTER SET utf8mb4 COLLATE utf8mb4_general_ci NOT NULL COMMENT '任务执行器',
  `invoke_target` varchar(500) CHARACTER SET utf8mb4 COLLATE utf8mb4_general_ci NOT NULL COMMENT '调用目标字符串',
  `job_args` varchar(255) CHARACTER SET utf8mb4 COLLATE utf8mb4_general_ci DEFAULT '' COMMENT '位置参数',
  `job_kwargs` varchar(255) CHARACTER SET utf8mb4 COLLATE utf8mb4_general_ci DEFAULT '' COMMENT '关键字参数',
  `job_trigger` varchar(255) CHARACTER SET utf8mb4 COLLATE utf8mb4_general_ci DEFAULT '' COMMENT '任务触发器',
  `job_message` varchar(500) CHARACTER SET utf8mb4 COLLATE utf8mb4_general_ci DEFAULT NULL COMMENT '日志信息',
  `status` char(1) CHARACTER SET utf8mb4 COLLATE utf8mb4_general_ci DEFAULT '0' COMMENT '执行状态（0正常 1失败）',
  `exception_info` varchar(2000) CHARACTER SET utf8mb4 COLLATE utf8mb4_general_ci DEFAULT '' COMMENT '异常信息',
  `create_time` datetime DEFAULT NULL COMMENT '创建时间',
  PRIMARY KEY (`job_log_id`) USING BTREE
) ENGINE=InnoDB AUTO_INCREMENT=412 DEFAULT CHARSET=utf8mb4 COLLATE=utf8mb4_general_ci COMMENT='定时任务调度日志表';

INSERT INTO `sys_job_log` (`job_log_id`, `job_name`, `job_group`, `job_executor`, `invoke_target`, `job_args`, `job_kwargs`, `job_trigger`, `job_message`, `status`, `exception_info`, `create_time`) VALUES
(366,	'文章每日生成',	'default',	'default',	'module_task.scheduler_test:gen_article_job',	'',	'{}',	'cron[month=\'*\', day=\'1/1\', hour=\'0\', minute=\'0\', second=\'0\']',	'事件类型: JobSubmissionEvent, 任务ID: 100, 任务名称: 文章每日生成, 执行于2025-03-11 00:00:00',	'0',	'',	'2025-03-11 00:00:00'),
(367,	'文章每日生成',	'default',	'default',	'module_task.scheduler_test:gen_article_job',	'',	'{}',	'cron[month=\'*\', day=\'1/1\', hour=\'0\', minute=\'0\', second=\'0\']',	'事件类型: JobExecutionEvent, 任务ID: 100, 任务名称: 文章每日生成, 执行于2025-03-11 00:00:00',	'0',	'',	'2025-03-11 00:00:00'),
(368,	'文章每日生成',	'default',	'default',	'module_task.scheduler_test:gen_article_job',	'',	'{}',	'cron[month=\'*\', day=\'1/1\', hour=\'0\', minute=\'0\', second=\'0\']',	'事件类型: JobSubmissionEvent, 任务ID: 100, 任务名称: 文章每日生成, 执行于2025-03-11 00:00:18',	'0',	'',	'2025-03-11 00:00:18'),
(369,	'文章每日生成',	'default',	'default',	'module_task.scheduler_test:gen_article_job',	'',	'{}',	'cron[month=\'*\', day=\'1/1\', hour=\'0\', minute=\'0\', second=\'0\']',	'事件类型: JobExecutionEvent, 任务ID: 100, 任务名称: 文章每日生成, 执行于2025-03-11 00:00:18',	'0',	'',	'2025-03-11 00:00:18'),
(370,	'文章每日生成',	'default',	'default',	'module_task.scheduler_test:gen_article_job',	'',	'{}',	'cron[month=\'*\', day=\'1/1\', hour=\'0\', minute=\'0\', second=\'0\']',	'事件类型: JobSubmissionEvent, 任务ID: 100, 任务名称: 文章每日生成, 执行于2025-03-12 00:00:00',	'0',	'',	'2025-03-12 00:00:00'),
(371,	'文章每日生成',	'default',	'default',	'module_task.scheduler_test:gen_article_job',	'',	'{}',	'cron[month=\'*\', day=\'1/1\', hour=\'0\', minute=\'0\', second=\'0\']',	'事件类型: JobExecutionEvent, 任务ID: 100, 任务名称: 文章每日生成, 执行于2025-03-12 00:00:00',	'0',	'',	'2025-03-12 00:00:00'),
(372,	'文章每日生成',	'default',	'default',	'module_task.scheduler_test:gen_article_job',	'',	'{}',	'cron[month=\'*\', day=\'1/1\', hour=\'0\', minute=\'0\', second=\'0\']',	'事件类型: JobSubmissionEvent, 任务ID: 100, 任务名称: 文章每日生成, 执行于2025-03-13 00:00:00',	'0',	'',	'2025-03-13 00:00:00'),
(373,	'文章每日生成',	'default',	'default',	'module_task.scheduler_test:gen_article_job',	'',	'{}',	'cron[month=\'*\', day=\'1/1\', hour=\'0\', minute=\'0\', second=\'0\']',	'事件类型: JobExecutionEvent, 任务ID: 100, 任务名称: 文章每日生成, 执行于2025-03-13 00:00:00',	'0',	'',	'2025-03-13 00:00:00'),
(374,	'文章每日生成',	'default',	'default',	'module_task.scheduler_test:gen_article_job',	'',	'{}',	'cron[month=\'*\', day=\'1/1\', hour=\'0\', minute=\'0\', second=\'0\']',	'事件类型: JobSubmissionEvent, 任务ID: 100, 任务名称: 文章每日生成, 执行于2025-03-14 00:00:00',	'0',	'',	'2025-03-14 00:00:00'),
(375,	'文章每日生成',	'default',	'default',	'module_task.scheduler_test:gen_article_job',	'',	'{}',	'cron[month=\'*\', day=\'1/1\', hour=\'0\', minute=\'0\', second=\'0\']',	'事件类型: JobExecutionEvent, 任务ID: 100, 任务名称: 文章每日生成, 执行于2025-03-14 00:00:00',	'0',	'',	'2025-03-14 00:00:00'),
(376,	'文章每日生成',	'default',	'default',	'module_task.scheduler_test:gen_article_job',	'',	'{}',	'cron[month=\'*\', day=\'1/1\', hour=\'0\', minute=\'0\', second=\'0\']',	'事件类型: JobSubmissionEvent, 任务ID: 100, 任务名称: 文章每日生成, 执行于2025-03-15 00:00:00',	'0',	'',	'2025-03-15 00:00:00'),
(377,	'文章每日生成',	'default',	'default',	'module_task.scheduler_test:gen_article_job',	'',	'{}',	'cron[month=\'*\', day=\'1/1\', hour=\'0\', minute=\'0\', second=\'0\']',	'事件类型: JobExecutionEvent, 任务ID: 100, 任务名称: 文章每日生成, 执行于2025-03-15 00:00:00',	'0',	'',	'2025-03-15 00:00:00'),
(378,	'文章每日生成',	'default',	'default',	'module_task.scheduler_test:gen_article_job',	'',	'{}',	'cron[month=\'*\', day=\'1/1\', hour=\'0\', minute=\'0\', second=\'0\']',	'事件类型: JobSubmissionEvent, 任务ID: 100, 任务名称: 文章每日生成, 执行于2025-03-16 00:00:00',	'0',	'',	'2025-03-16 00:00:00'),
(379,	'文章每日生成',	'default',	'default',	'module_task.scheduler_test:gen_article_job',	'',	'{}',	'cron[month=\'*\', day=\'1/1\', hour=\'0\', minute=\'0\', second=\'0\']',	'事件类型: JobExecutionEvent, 任务ID: 100, 任务名称: 文章每日生成, 执行于2025-03-16 00:00:00',	'0',	'',	'2025-03-16 00:00:00'),
(380,	'文章每日生成',	'default',	'default',	'module_task.scheduler_test:gen_article_job',	'',	'{}',	'cron[month=\'*\', day=\'1/1\', hour=\'0\', minute=\'0\', second=\'0\']',	'事件类型: JobSubmissionEvent, 任务ID: 100, 任务名称: 文章每日生成, 执行于2025-03-17 00:15:05',	'0',	'',	'2025-03-17 00:15:05'),
(381,	'文章每日生成',	'default',	'default',	'module_task.scheduler_test:gen_article_job',	'',	'{}',	'cron[month=\'*\', day=\'1/1\', hour=\'0\', minute=\'0\', second=\'0\']',	'事件类型: JobExecutionEvent, 任务ID: 100, 任务名称: 文章每日生成, 执行于2025-03-17 00:15:05',	'0',	'',	'2025-03-17 00:15:05'),
(382,	'文章每日生成',	'default',	'default',	'module_task.scheduler_test:gen_article_job',	'',	'{}',	'cron[month=\'*\', day=\'1/1\', hour=\'0\', minute=\'0\', second=\'0\']',	'事件类型: JobSubmissionEvent, 任务ID: 100, 任务名称: 文章每日生成, 执行于2025-03-24 00:05:12',	'0',	'',	'2025-03-24 00:05:12'),
(383,	'文章每日生成',	'default',	'default',	'module_task.scheduler_test:gen_article_job',	'',	'{}',	'cron[month=\'*\', day=\'1/1\', hour=\'0\', minute=\'0\', second=\'0\']',	'事件类型: JobExecutionEvent, 任务ID: 100, 任务名称: 文章每日生成, 执行于2025-03-24 00:05:12',	'0',	'',	'2025-03-24 00:05:12'),
(384,	'文章每日生成',	'default',	'default',	'module_task.scheduler_test:gen_article_job',	'',	'{}',	'cron[month=\'*\', day=\'1/1\', hour=\'0\', minute=\'0\', second=\'0\']',	'事件类型: JobSubmissionEvent, 任务ID: 100, 任务名称: 文章每日生成, 执行于2025-03-25 00:10:41',	'0',	'',	'2025-03-25 00:10:41'),
(385,	'文章每日生成',	'default',	'default',	'module_task.scheduler_test:gen_article_job',	'',	'{}',	'cron[month=\'*\', day=\'1/1\', hour=\'0\', minute=\'0\', second=\'0\']',	'事件类型: JobExecutionEvent, 任务ID: 100, 任务名称: 文章每日生成, 执行于2025-03-25 00:10:41',	'0',	'',	'2025-03-25 00:10:41'),
(386,	'文章每日生成',	'default',	'default',	'module_task.scheduler_test:gen_article_job',	'',	'{}',	'cron[month=\'*\', day=\'1/1\', hour=\'0\', minute=\'0\', second=\'0\']',	'事件类型: JobSubmissionEvent, 任务ID: 100, 任务名称: 文章每日生成, 执行于2025-03-27 00:12:31',	'0',	'',	'2025-03-27 00:12:31'),
(387,	'文章每日生成',	'default',	'default',	'module_task.scheduler_test:gen_article_job',	'',	'{}',	'cron[month=\'*\', day=\'1/1\', hour=\'0\', minute=\'0\', second=\'0\']',	'事件类型: JobExecutionEvent, 任务ID: 100, 任务名称: 文章每日生成, 执行于2025-03-27 00:12:31',	'0',	'',	'2025-03-27 00:12:31'),
(388,	'文章每日生成',	'default',	'default',	'module_task.scheduler_test:gen_article_job',	'',	'{}',	'cron[month=\'*\', day=\'1/1\', hour=\'0\', minute=\'0\', second=\'0\']',	'事件类型: JobSubmissionEvent, 任务ID: 100, 任务名称: 文章每日生成, 执行于2025-04-10 00:01:19',	'0',	'',	'2025-04-10 00:01:19'),
(389,	'文章每日生成',	'default',	'default',	'module_task.scheduler_test:gen_article_job',	'',	'{}',	'cron[month=\'*\', day=\'1/1\', hour=\'0\', minute=\'0\', second=\'0\']',	'事件类型: JobExecutionEvent, 任务ID: 100, 任务名称: 文章每日生成, 执行于2025-04-10 00:01:19',	'0',	'',	'2025-04-10 00:01:20'),
(390,	'文章每日生成',	'default',	'default',	'module_task.scheduler_test:gen_article_job',	'',	'{}',	'cron[month=\'*\', day=\'1/1\', hour=\'0\', minute=\'0\', second=\'0\']',	'事件类型: JobSubmissionEvent, 任务ID: 100, 任务名称: 文章每日生成, 执行于2025-04-11 00:00:00',	'0',	'',	'2025-04-11 00:00:00'),
(391,	'文章每日生成',	'default',	'default',	'module_task.scheduler_test:gen_article_job',	'',	'{}',	'cron[month=\'*\', day=\'1/1\', hour=\'0\', minute=\'0\', second=\'0\']',	'事件类型: JobExecutionEvent, 任务ID: 100, 任务名称: 文章每日生成, 执行于2025-04-11 00:00:00',	'0',	'',	'2025-04-11 00:00:00'),
(392,	'文章每日生成',	'default',	'default',	'module_task.scheduler_test:fetch_table_data',	'',	'{}',	'cron[month=\'*\', day=\'1/1\', hour=\'0\', minute=\'0\', second=\'0\']',	'事件类型: JobEvent, 任务ID: 100, 任务名称: 文章每日生成, 执行于2025-04-11 11:45:06',	'0',	'',	'2025-04-11 11:45:07'),
(393,	'文章每日生成',	'default',	'default',	'module_task.scheduler_test:fetch_table_data',	'',	'{}',	'date[2025-04-11 11:45:11 CST]',	'事件类型: JobEvent, 任务ID: 100, 任务名称: 文章每日生成, 执行于2025-04-11 11:45:10',	'0',	'',	'2025-04-11 11:45:10'),
(394,	'文章每日生成',	'default',	'default',	'module_task.scheduler_test:fetch_table_data',	'',	'{}',	'date[2025-04-11 11:47:14 CST]',	'事件类型: JobEvent, 任务ID: 100, 任务名称: 文章每日生成, 执行于2025-04-11 11:47:13',	'0',	'',	'2025-04-11 11:47:13'),
(395,	'文章每日生成',	'default',	'default',	'module_task.scheduler_test:fetch_table_data',	'',	'{}',	'date[2025-04-11 11:50:27 CST]',	'事件类型: JobEvent, 任务ID: 100, 任务名称: 文章每日生成, 执行于2025-04-11 11:50:26',	'0',	'',	'2025-04-11 11:50:27'),
(396,	'文章每日生成',	'default',	'default',	'module_task.scheduler_test:fetch_table_data',	'',	'{}',	'date[2025-04-11 11:52:11 CST]',	'事件类型: JobEvent, 任务ID: 100, 任务名称: 文章每日生成, 执行于2025-04-11 11:52:10',	'0',	'',	'2025-04-11 11:52:10'),
(397,	'文章每日生成',	'default',	'default',	'module_task.scheduler_test:fetch_table_data',	'',	'{}',	'date[2025-04-11 11:52:30 CST]',	'事件类型: JobEvent, 任务ID: 100, 任务名称: 文章每日生成, 执行于2025-04-11 11:52:29',	'0',	'',	'2025-04-11 11:52:30'),
(398,	'文章每日生成',	'default',	'default',	'module_task.scheduler_test:fetch_table_data',	'',	'{}',	'date[2025-04-11 11:53:24 CST]',	'事件类型: JobEvent, 任务ID: 100, 任务名称: 文章每日生成, 执行于2025-04-11 11:53:23',	'0',	'',	'2025-04-11 11:53:24'),
(399,	'文章每日生成',	'default',	'default',	'module_task.scheduler_test:fetch_table_data',	'',	'{}',	'date[2025-04-11 11:54:44 CST]',	'事件类型: JobEvent, 任务ID: 100, 任务名称: 文章每日生成, 执行于2025-04-11 11:54:43',	'0',	'',	'2025-04-11 11:54:43'),
(400,	'文章每日生成',	'default',	'default',	'module_task.scheduler_test:fetch_table_data',	'',	'{}',	'date[2025-04-11 13:34:48 CST]',	'事件类型: JobEvent, 任务ID: 100, 任务名称: 文章每日生成, 执行于2025-04-11 13:34:47',	'0',	'',	'2025-04-11 13:34:48'),
(401,	'文章每日生成',	'default',	'default',	'module_task.scheduler_test:fetch_table_data',	'',	'{}',	'date[2025-04-11 13:35:11 CST]',	'事件类型: JobEvent, 任务ID: 100, 任务名称: 文章每日生成, 执行于2025-04-11 13:35:10',	'0',	'',	'2025-04-11 13:35:10'),
(402,	'文章每日生成',	'default',	'default',	'module_task.scheduler_test:fetch_table_data',	'',	'{}',	'cron[month=\'*\', day=\'1/1\', hour=\'0\', minute=\'0\', second=\'0\']',	'事件类型: JobSubmissionEvent, 任务ID: 100, 任务名称: 文章每日生成, 执行于2025-05-15 00:00:00',	'0',	'',	'2025-05-15 00:00:00'),
(403,	'文章每日生成',	'default',	'default',	'module_task.scheduler_test:fetch_table_data',	'',	'{}',	'cron[month=\'*\', day=\'1/1\', hour=\'0\', minute=\'0\', second=\'0\']',	'事件类型: JobExecutionEvent, 任务ID: 100, 任务名称: 文章每日生成, 执行于2025-05-15 00:00:00',	'0',	'',	'2025-05-15 00:00:00'),
(404,	'文章每日生成',	'default',	'default',	'module_task.scheduler_test:fetch_table_data',	'',	'{}',	'cron[month=\'*\', day=\'1/1\', hour=\'0\', minute=\'0\', second=\'0\']',	'事件类型: JobSubmissionEvent, 任务ID: 100, 任务名称: 文章每日生成, 执行于2025-05-15 00:01:36',	'0',	'',	'2025-05-15 00:01:36'),
(405,	'文章每日生成',	'default',	'default',	'module_task.scheduler_test:fetch_table_data',	'',	'{}',	'cron[month=\'*\', day=\'1/1\', hour=\'0\', minute=\'0\', second=\'0\']',	'事件类型: JobExecutionEvent, 任务ID: 100, 任务名称: 文章每日生成, 执行于2025-05-15 00:01:36',	'0',	'',	'2025-05-15 00:01:36'),
(406,	'文章每日生成',	'default',	'default',	'module_task.scheduler_test:fetch_table_data',	'',	'{}',	'cron[month=\'*\', day=\'1/1\', hour=\'0\', minute=\'0\', second=\'0\']',	'事件类型: JobSubmissionEvent, 任务ID: 100, 任务名称: 文章每日生成, 执行于2025-05-15 00:02:02',	'0',	'',	'2025-05-15 00:02:03'),
(407,	'文章每日生成',	'default',	'default',	'module_task.scheduler_test:fetch_table_data',	'',	'{}',	'cron[month=\'*\', day=\'1/1\', hour=\'0\', minute=\'0\', second=\'0\']',	'事件类型: JobExecutionEvent, 任务ID: 100, 任务名称: 文章每日生成, 执行于2025-05-15 00:02:02',	'0',	'',	'2025-05-15 00:02:03'),
(408,	'文章每日生成',	'default',	'default',	'module_task.scheduler_test:fetch_table_data',	'',	'{}',	'cron[month=\'*\', day=\'1/1\', hour=\'0\', minute=\'0\', second=\'0\']',	'事件类型: JobSubmissionEvent, 任务ID: 100, 任务名称: 文章每日生成, 执行于2025-05-15 00:02:38',	'0',	'',	'2025-05-15 00:02:39'),
(409,	'文章每日生成',	'default',	'default',	'module_task.scheduler_test:fetch_table_data',	'',	'{}',	'cron[month=\'*\', day=\'1/1\', hour=\'0\', minute=\'0\', second=\'0\']',	'事件类型: JobExecutionEvent, 任务ID: 100, 任务名称: 文章每日生成, 执行于2025-05-15 00:02:39',	'0',	'',	'2025-05-15 00:02:39'),
(410,	'文章每日生成',	'default',	'default',	'module_task.scheduler_test:fetch_table_data',	'',	'{}',	'cron[month=\'*\', day=\'1/1\', hour=\'0\', minute=\'0\', second=\'0\']',	'事件类型: JobSubmissionEvent, 任务ID: 100, 任务名称: 文章每日生成, 执行于2025-05-15 00:02:45',	'0',	'',	'2025-05-15 00:02:46'),
(411,	'文章每日生成',	'default',	'default',	'module_task.scheduler_test:fetch_table_data',	'',	'{}',	'cron[month=\'*\', day=\'1/1\', hour=\'0\', minute=\'0\', second=\'0\']',	'事件类型: JobExecutionEvent, 任务ID: 100, 任务名称: 文章每日生成, 执行于2025-05-15 00:02:45',	'0',	'',	'2025-05-15 00:02:46');

DROP TABLE IF EXISTS `sys_logininfor`;
CREATE TABLE `sys_logininfor` (
  `info_id` bigint NOT NULL AUTO_INCREMENT COMMENT '访问ID',
  `user_name` varchar(50) CHARACTER SET utf8mb4 COLLATE utf8mb4_general_ci DEFAULT '' COMMENT '用户账号',
  `ipaddr` varchar(128) CHARACTER SET utf8mb4 COLLATE utf8mb4_general_ci DEFAULT '' COMMENT '登录IP地址',
  `login_location` varchar(255) CHARACTER SET utf8mb4 COLLATE utf8mb4_general_ci DEFAULT '' COMMENT '登录地点',
  `browser` varchar(50) CHARACTER SET utf8mb4 COLLATE utf8mb4_general_ci DEFAULT '' COMMENT '浏览器类型',
  `os` varchar(50) CHARACTER SET utf8mb4 COLLATE utf8mb4_general_ci DEFAULT '' COMMENT '操作系统',
  `status` char(1) CHARACTER SET utf8mb4 COLLATE utf8mb4_general_ci DEFAULT '0' COMMENT '登录状态（0成功 1失败）',
  `msg` varchar(255) CHARACTER SET utf8mb4 COLLATE utf8mb4_general_ci DEFAULT '' COMMENT '提示消息',
  `login_time` datetime DEFAULT NULL COMMENT '访问时间',
  PRIMARY KEY (`info_id`) USING BTREE,
  KEY `idx_sys_logininfor_s` (`status`) USING BTREE,
  KEY `idx_sys_logininfor_lt` (`login_time`) USING BTREE
) ENGINE=InnoDB AUTO_INCREMENT=821 DEFAULT CHARSET=utf8mb4 COLLATE=utf8mb4_general_ci COMMENT='系统访问记录';

INSERT INTO `sys_logininfor` (`info_id`, `user_name`, `ipaddr`, `login_location`, `browser`, `os`, `status`, `msg`, `login_time`) VALUES
(1,	'admin',	'113.87.162.190',	'内网IP',	'Edge 133',	'Windows 10',	'0',	'登录成功',	'2025-03-10 13:32:36');

DROP TABLE IF EXISTS `sys_menu`;
CREATE TABLE `sys_menu` (
  `menu_id` bigint NOT NULL AUTO_INCREMENT COMMENT '菜单ID',
  `menu_name` varchar(50) CHARACTER SET utf8mb4 COLLATE utf8mb4_general_ci NOT NULL COMMENT '菜单名称',
  `parent_id` bigint DEFAULT '0' COMMENT '父菜单ID',
  `order_num` int DEFAULT '0' COMMENT '显示顺序',
  `path` varchar(200) CHARACTER SET utf8mb4 COLLATE utf8mb4_general_ci DEFAULT '' COMMENT '路由地址',
  `component` varchar(255) CHARACTER SET utf8mb4 COLLATE utf8mb4_general_ci DEFAULT NULL COMMENT '组件路径',
  `query` varchar(255) CHARACTER SET utf8mb4 COLLATE utf8mb4_general_ci DEFAULT NULL COMMENT '路由参数',
  `route_name` varchar(50) CHARACTER SET utf8mb4 COLLATE utf8mb4_general_ci DEFAULT '' COMMENT '路由名称',
  `is_frame` int DEFAULT '1' COMMENT '是否为外链（0是 1否）',
  `is_cache` int DEFAULT '0' COMMENT '是否缓存（0缓存 1不缓存）',
  `menu_type` char(1) CHARACTER SET utf8mb4 COLLATE utf8mb4_general_ci DEFAULT '' COMMENT '菜单类型（M目录 C菜单 F按钮）',
  `visible` char(1) CHARACTER SET utf8mb4 COLLATE utf8mb4_general_ci DEFAULT '0' COMMENT '菜单状态（0显示 1隐藏）',
  `status` char(1) CHARACTER SET utf8mb4 COLLATE utf8mb4_general_ci DEFAULT '0' COMMENT '菜单状态（0正常 1停用）',
  `perms` varchar(100) CHARACTER SET utf8mb4 COLLATE utf8mb4_general_ci DEFAULT NULL COMMENT '权限标识',
  `icon` varchar(100) CHARACTER SET utf8mb4 COLLATE utf8mb4_general_ci DEFAULT '#' COMMENT '菜单图标',
  `create_by` varchar(64) CHARACTER SET utf8mb4 COLLATE utf8mb4_general_ci DEFAULT '' COMMENT '创建者',
  `create_time` datetime DEFAULT NULL COMMENT '创建时间',
  `update_by` varchar(64) CHARACTER SET utf8mb4 COLLATE utf8mb4_general_ci DEFAULT '' COMMENT '更新者',
  `update_time` datetime DEFAULT NULL COMMENT '更新时间',
  `remark` varchar(500) CHARACTER SET utf8mb4 COLLATE utf8mb4_general_ci DEFAULT '' COMMENT '备注',
  PRIMARY KEY (`menu_id`) USING BTREE
) ENGINE=InnoDB AUTO_INCREMENT=2109 DEFAULT CHARSET=utf8mb4 COLLATE=utf8mb4_general_ci COMMENT='菜单权限表';

INSERT INTO `sys_menu` (`menu_id`, `menu_name`, `parent_id`, `order_num`, `path`, `component`, `query`, `route_name`, `is_frame`, `is_cache`, `menu_type`, `visible`, `status`, `perms`, `icon`, `create_by`, `create_time`, `update_by`, `update_time`, `remark`) VALUES
(1,	'系统管理',	0,	1,	'system',	NULL,	'',	'',	1,	0,	'M',	'0',	'0',	'',	'system',	'admin',	'2024-11-13 14:12:02',	'',	NULL,	'系统管理目录'),
(2,	'系统监控',	0,	2,	'monitor',	NULL,	'',	'',	1,	0,	'M',	'0',	'0',	'',	'monitor',	'admin',	'2024-11-13 14:12:02',	'',	NULL,	'系统监控目录'),
(3,	'系统工具',	0,	3,	'tool',	NULL,	'',	'',	1,	0,	'M',	'0',	'0',	'',	'tool',	'admin',	'2024-11-13 14:12:02',	'',	NULL,	'系统工具目录'),
(100,	'用户管理',	1,	1,	'user',	'system/user/index',	'',	'',	1,	0,	'C',	'0',	'0',	'system:user:list',	'user',	'admin',	'2024-11-13 14:12:02',	'',	NULL,	'用户管理菜单'),
(101,	'角色管理',	1,	2,	'role',	'system/role/index',	'',	'',	1,	0,	'C',	'0',	'0',	'system:role:list',	'peoples',	'admin',	'2024-11-13 14:12:02',	'',	NULL,	'角色管理菜单'),
(102,	'菜单管理',	1,	3,	'menu',	'system/menu/index',	'',	'',	1,	0,	'C',	'0',	'0',	'system:menu:list',	'tree-table',	'admin',	'2024-11-13 14:12:02',	'',	NULL,	'菜单管理菜单'),
(103,	'部门管理',	1,	4,	'dept',	'system/dept/index',	'',	'',	1,	0,	'C',	'0',	'0',	'system:dept:list',	'tree',	'admin',	'2024-11-13 14:12:02',	'',	NULL,	'部门管理菜单'),
(104,	'岗位管理',	1,	5,	'post',	'system/post/index',	'',	'',	1,	0,	'C',	'0',	'0',	'system:post:list',	'post',	'admin',	'2024-11-13 14:12:02',	'',	NULL,	'岗位管理菜单'),
(105,	'字典管理',	1,	6,	'dict',	'system/dict/index',	'',	'',	1,	0,	'C',	'0',	'0',	'system:dict:list',	'dict',	'admin',	'2024-11-13 14:12:02',	'',	NULL,	'字典管理菜单'),
(106,	'参数设置',	1,	7,	'config',	'system/config/index',	'',	'',	1,	0,	'C',	'0',	'0',	'system:config:list',	'edit',	'admin',	'2024-11-13 14:12:02',	'',	NULL,	'参数设置菜单'),
(107,	'通知公告',	1,	8,	'notice',	'system/notice/index',	'',	'',	1,	0,	'C',	'0',	'0',	'system:notice:list',	'message',	'admin',	'2024-11-13 14:12:02',	'',	NULL,	'通知公告菜单'),
(108,	'日志管理',	1,	9,	'log',	'',	'',	'',	1,	0,	'M',	'0',	'0',	'',	'log',	'admin',	'2024-11-13 14:12:02',	'',	NULL,	'日志管理菜单'),
(109,	'在线用户',	2,	1,	'online',	'monitor/online/index',	'',	'',	1,	0,	'C',	'0',	'0',	'monitor:online:list',	'online',	'admin',	'2024-11-13 14:12:02',	'',	NULL,	'在线用户菜单'),
(110,	'定时任务',	2,	2,	'job',	'monitor/job/index',	'',	'',	1,	0,	'C',	'0',	'0',	'monitor:job:list',	'job',	'admin',	'2024-11-13 14:12:02',	'',	NULL,	'定时任务菜单'),
(111,	'数据监控',	2,	3,	'druid',	'monitor/druid/index',	'',	'',	1,	0,	'C',	'1',	'0',	'monitor:druid:list',	'druid',	'admin',	'2024-11-13 14:12:02',	'admin',	'2025-05-14 11:32:05',	'数据监控菜单'),
(112,	'服务监控',	2,	4,	'server',	'monitor/server/index',	'',	'',	1,	0,	'C',	'0',	'0',	'monitor:server:list',	'server',	'admin',	'2024-11-13 14:12:02',	'',	NULL,	'服务监控菜单'),
(113,	'缓存监控',	2,	5,	'cache',	'monitor/cache/index',	'',	'',	1,	0,	'C',	'0',	'0',	'monitor:cache:list',	'redis',	'admin',	'2024-11-13 14:12:02',	'',	NULL,	'缓存监控菜单'),
(114,	'缓存列表',	2,	6,	'cacheList',	'monitor/cache/list',	'',	'',	1,	0,	'C',	'0',	'0',	'monitor:cache:list',	'redis-list',	'admin',	'2024-11-13 14:12:02',	'',	NULL,	'缓存列表菜单'),
(115,	'表单构建',	3,	1,	'sys_form',	'tool/build/index',	'',	'',	1,	0,	'C',	'0',	'0',	'tool:build:list',	'build',	'admin',	'2024-11-13 14:12:02',	'admin',	'2025-04-11 09:03:27',	'表单构建菜单'),
(116,	'代码生成',	3,	2,	'gen',	'tool/gen/index',	'',	'',	1,	0,	'C',	'0',	'0',	'tool:gen:list',	'code',	'admin',	'2024-11-13 14:12:02',	'',	NULL,	'代码生成菜单'),
(117,	'系统接口',	3,	3,	'swagger',	'tool/swagger/index',	'',	'',	1,	0,	'C',	'0',	'0',	'tool:swagger:list',	'swagger',	'admin',	'2024-11-13 14:12:02',	'',	NULL,	'系统接口菜单'),
(500,	'操作日志',	108,	1,	'operlog',	'monitor/operlog/index',	'',	'',	1,	0,	'C',	'0',	'0',	'monitor:operlog:list',	'form',	'admin',	'2024-11-13 14:12:02',	'',	NULL,	'操作日志菜单'),
(501,	'登录日志',	108,	2,	'logininfor',	'monitor/logininfor/index',	'',	'',	1,	0,	'C',	'0',	'0',	'monitor:logininfor:list',	'logininfor',	'admin',	'2024-11-13 14:12:02',	'',	NULL,	'登录日志菜单'),
(1000,	'用户查询',	100,	1,	'',	'',	'',	'',	1,	0,	'F',	'0',	'0',	'system:user:query',	'#',	'admin',	'2024-11-13 14:12:02',	'',	NULL,	''),
(1001,	'用户新增',	100,	2,	'',	'',	'',	'',	1,	0,	'F',	'0',	'0',	'system:user:add',	'#',	'admin',	'2024-11-13 14:12:02',	'',	NULL,	''),
(1002,	'用户修改',	100,	3,	'',	'',	'',	'',	1,	0,	'F',	'0',	'0',	'system:user:edit',	'#',	'admin',	'2024-11-13 14:12:02',	'',	NULL,	''),
(1003,	'用户删除',	100,	4,	'',	'',	'',	'',	1,	0,	'F',	'0',	'0',	'system:user:remove',	'#',	'admin',	'2024-11-13 14:12:02',	'',	NULL,	''),
(1004,	'用户导出',	100,	5,	'',	'',	'',	'',	1,	0,	'F',	'0',	'0',	'system:user:export',	'#',	'admin',	'2024-11-13 14:12:02',	'',	NULL,	''),
(1005,	'用户导入',	100,	6,	'',	'',	'',	'',	1,	0,	'F',	'0',	'0',	'system:user:import',	'#',	'admin',	'2024-11-13 14:12:02',	'',	NULL,	''),
(1006,	'重置密码',	100,	7,	'',	'',	'',	'',	1,	0,	'F',	'0',	'0',	'system:user:resetPwd',	'#',	'admin',	'2024-11-13 14:12:02',	'',	NULL,	''),
(1007,	'角色查询',	101,	1,	'',	'',	'',	'',	1,	0,	'F',	'0',	'0',	'system:role:query',	'#',	'admin',	'2024-11-13 14:12:02',	'',	NULL,	''),
(1008,	'角色新增',	101,	2,	'',	'',	'',	'',	1,	0,	'F',	'0',	'0',	'system:role:add',	'#',	'admin',	'2024-11-13 14:12:02',	'',	NULL,	''),
(1009,	'角色修改',	101,	3,	'',	'',	'',	'',	1,	0,	'F',	'0',	'0',	'system:role:edit',	'#',	'admin',	'2024-11-13 14:12:02',	'',	NULL,	''),
(1010,	'角色删除',	101,	4,	'',	'',	'',	'',	1,	0,	'F',	'0',	'0',	'system:role:remove',	'#',	'admin',	'2024-11-13 14:12:02',	'',	NULL,	''),
(1011,	'角色导出',	101,	5,	'',	'',	'',	'',	1,	0,	'F',	'0',	'0',	'system:role:export',	'#',	'admin',	'2024-11-13 14:12:02',	'',	NULL,	''),
(1012,	'菜单查询',	102,	1,	'',	'',	'',	'',	1,	0,	'F',	'0',	'0',	'system:menu:query',	'#',	'admin',	'2024-11-13 14:12:02',	'',	NULL,	''),
(1013,	'菜单新增',	102,	2,	'',	'',	'',	'',	1,	0,	'F',	'0',	'0',	'system:menu:add',	'#',	'admin',	'2024-11-13 14:12:02',	'',	NULL,	''),
(1014,	'菜单修改',	102,	3,	'',	'',	'',	'',	1,	0,	'F',	'0',	'0',	'system:menu:edit',	'#',	'admin',	'2024-11-13 14:12:02',	'',	NULL,	''),
(1015,	'菜单删除',	102,	4,	'',	'',	'',	'',	1,	0,	'F',	'0',	'0',	'system:menu:remove',	'#',	'admin',	'2024-11-13 14:12:02',	'',	NULL,	''),
(1016,	'部门查询',	103,	1,	'',	'',	'',	'',	1,	0,	'F',	'0',	'0',	'system:dept:query',	'#',	'admin',	'2024-11-13 14:12:02',	'',	NULL,	''),
(1017,	'部门新增',	103,	2,	'',	'',	'',	'',	1,	0,	'F',	'0',	'0',	'system:dept:add',	'#',	'admin',	'2024-11-13 14:12:02',	'',	NULL,	''),
(1018,	'部门修改',	103,	3,	'',	'',	'',	'',	1,	0,	'F',	'0',	'0',	'system:dept:edit',	'#',	'admin',	'2024-11-13 14:12:02',	'',	NULL,	''),
(1019,	'部门删除',	103,	4,	'',	'',	'',	'',	1,	0,	'F',	'0',	'0',	'system:dept:remove',	'#',	'admin',	'2024-11-13 14:12:02',	'',	NULL,	''),
(1020,	'岗位查询',	104,	1,	'',	'',	'',	'',	1,	0,	'F',	'0',	'0',	'system:post:query',	'#',	'admin',	'2024-11-13 14:12:02',	'',	NULL,	''),
(1021,	'岗位新增',	104,	2,	'',	'',	'',	'',	1,	0,	'F',	'0',	'0',	'system:post:add',	'#',	'admin',	'2024-11-13 14:12:02',	'',	NULL,	''),
(1022,	'岗位修改',	104,	3,	'',	'',	'',	'',	1,	0,	'F',	'0',	'0',	'system:post:edit',	'#',	'admin',	'2024-11-13 14:12:02',	'',	NULL,	''),
(1023,	'岗位删除',	104,	4,	'',	'',	'',	'',	1,	0,	'F',	'0',	'0',	'system:post:remove',	'#',	'admin',	'2024-11-13 14:12:02',	'',	NULL,	''),
(1024,	'岗位导出',	104,	5,	'',	'',	'',	'',	1,	0,	'F',	'0',	'0',	'system:post:export',	'#',	'admin',	'2024-11-13 14:12:02',	'',	NULL,	''),
(1025,	'字典查询',	105,	1,	'#',	'',	'',	'',	1,	0,	'F',	'0',	'0',	'system:dict:query',	'#',	'admin',	'2024-11-13 14:12:02',	'',	NULL,	''),
(1026,	'字典新增',	105,	2,	'#',	'',	'',	'',	1,	0,	'F',	'0',	'0',	'system:dict:add',	'#',	'admin',	'2024-11-13 14:12:02',	'',	NULL,	''),
(1027,	'字典修改',	105,	3,	'#',	'',	'',	'',	1,	0,	'F',	'0',	'0',	'system:dict:edit',	'#',	'admin',	'2024-11-13 14:12:02',	'',	NULL,	''),
(1028,	'字典删除',	105,	4,	'#',	'',	'',	'',	1,	0,	'F',	'0',	'0',	'system:dict:remove',	'#',	'admin',	'2024-11-13 14:12:02',	'',	NULL,	''),
(1029,	'字典导出',	105,	5,	'#',	'',	'',	'',	1,	0,	'F',	'0',	'0',	'system:dict:export',	'#',	'admin',	'2024-11-13 14:12:02',	'',	NULL,	''),
(1030,	'参数查询',	106,	1,	'#',	'',	'',	'',	1,	0,	'F',	'0',	'0',	'system:config:query',	'#',	'admin',	'2024-11-13 14:12:02',	'',	NULL,	''),
(1031,	'参数新增',	106,	2,	'#',	'',	'',	'',	1,	0,	'F',	'0',	'0',	'system:config:add',	'#',	'admin',	'2024-11-13 14:12:02',	'',	NULL,	''),
(1032,	'参数修改',	106,	3,	'#',	'',	'',	'',	1,	0,	'F',	'0',	'0',	'system:config:edit',	'#',	'admin',	'2024-11-13 14:12:02',	'',	NULL,	''),
(1033,	'参数删除',	106,	4,	'#',	'',	'',	'',	1,	0,	'F',	'0',	'0',	'system:config:remove',	'#',	'admin',	'2024-11-13 14:12:02',	'',	NULL,	''),
(1034,	'参数导出',	106,	5,	'#',	'',	'',	'',	1,	0,	'F',	'0',	'0',	'system:config:export',	'#',	'admin',	'2024-11-13 14:12:02',	'',	NULL,	''),
(1035,	'公告查询',	107,	1,	'#',	'',	'',	'',	1,	0,	'F',	'0',	'0',	'system:notice:query',	'#',	'admin',	'2024-11-13 14:12:02',	'',	NULL,	''),
(1036,	'公告新增',	107,	2,	'#',	'',	'',	'',	1,	0,	'F',	'0',	'0',	'system:notice:add',	'#',	'admin',	'2024-11-13 14:12:02',	'',	NULL,	''),
(1037,	'公告修改',	107,	3,	'#',	'',	'',	'',	1,	0,	'F',	'0',	'0',	'system:notice:edit',	'#',	'admin',	'2024-11-13 14:12:02',	'',	NULL,	''),
(1038,	'公告删除',	107,	4,	'#',	'',	'',	'',	1,	0,	'F',	'0',	'0',	'system:notice:remove',	'#',	'admin',	'2024-11-13 14:12:02',	'',	NULL,	''),
(1039,	'操作查询',	500,	1,	'#',	'',	'',	'',	1,	0,	'F',	'0',	'0',	'monitor:operlog:query',	'#',	'admin',	'2024-11-13 14:12:02',	'',	NULL,	''),
(1040,	'操作删除',	500,	2,	'#',	'',	'',	'',	1,	0,	'F',	'0',	'0',	'monitor:operlog:remove',	'#',	'admin',	'2024-11-13 14:12:02',	'',	NULL,	''),
(1041,	'日志导出',	500,	3,	'#',	'',	'',	'',	1,	0,	'F',	'0',	'0',	'monitor:operlog:export',	'#',	'admin',	'2024-11-13 14:12:02',	'',	NULL,	''),
(1042,	'登录查询',	501,	1,	'#',	'',	'',	'',	1,	0,	'F',	'0',	'0',	'monitor:logininfor:query',	'#',	'admin',	'2024-11-13 14:12:02',	'',	NULL,	''),
(1043,	'登录删除',	501,	2,	'#',	'',	'',	'',	1,	0,	'F',	'0',	'0',	'monitor:logininfor:remove',	'#',	'admin',	'2024-11-13 14:12:02',	'',	NULL,	''),
(1044,	'日志导出',	501,	3,	'#',	'',	'',	'',	1,	0,	'F',	'0',	'0',	'monitor:logininfor:export',	'#',	'admin',	'2024-11-13 14:12:02',	'',	NULL,	''),
(1045,	'账户解锁',	501,	4,	'#',	'',	'',	'',	1,	0,	'F',	'0',	'0',	'monitor:logininfor:unlock',	'#',	'admin',	'2024-11-13 14:12:02',	'',	NULL,	''),
(1046,	'在线查询',	109,	1,	'#',	'',	'',	'',	1,	0,	'F',	'0',	'0',	'monitor:online:query',	'#',	'admin',	'2024-11-13 14:12:02',	'',	NULL,	''),
(1047,	'批量强退',	109,	2,	'#',	'',	'',	'',	1,	0,	'F',	'0',	'0',	'monitor:online:batchLogout',	'#',	'admin',	'2024-11-13 14:12:02',	'',	NULL,	''),
(1048,	'单条强退',	109,	3,	'#',	'',	'',	'',	1,	0,	'F',	'0',	'0',	'monitor:online:forceLogout',	'#',	'admin',	'2024-11-13 14:12:02',	'',	NULL,	''),
(1049,	'任务查询',	110,	1,	'#',	'',	'',	'',	1,	0,	'F',	'0',	'0',	'monitor:job:query',	'#',	'admin',	'2024-11-13 14:12:02',	'',	NULL,	''),
(1050,	'任务新增',	110,	2,	'#',	'',	'',	'',	1,	0,	'F',	'0',	'0',	'monitor:job:add',	'#',	'admin',	'2024-11-13 14:12:02',	'',	NULL,	''),
(1051,	'任务修改',	110,	3,	'#',	'',	'',	'',	1,	0,	'F',	'0',	'0',	'monitor:job:edit',	'#',	'admin',	'2024-11-13 14:12:02',	'',	NULL,	''),
(1052,	'任务删除',	110,	4,	'#',	'',	'',	'',	1,	0,	'F',	'0',	'0',	'monitor:job:remove',	'#',	'admin',	'2024-11-13 14:12:02',	'',	NULL,	''),
(1053,	'状态修改',	110,	5,	'#',	'',	'',	'',	1,	0,	'F',	'0',	'0',	'monitor:job:changeStatus',	'#',	'admin',	'2024-11-13 14:12:02',	'',	NULL,	''),
(1054,	'任务导出',	110,	6,	'#',	'',	'',	'',	1,	0,	'F',	'0',	'0',	'monitor:job:export',	'#',	'admin',	'2024-11-13 14:12:02',	'',	NULL,	''),
(1055,	'生成查询',	116,	1,	'#',	'',	'',	'',	1,	0,	'F',	'0',	'0',	'tool:gen:query',	'#',	'admin',	'2024-11-13 14:12:02',	'',	NULL,	''),
(1056,	'生成修改',	116,	2,	'#',	'',	'',	'',	1,	0,	'F',	'0',	'0',	'tool:gen:edit',	'#',	'admin',	'2024-11-13 14:12:02',	'',	NULL,	''),
(1057,	'生成删除',	116,	3,	'#',	'',	'',	'',	1,	0,	'F',	'0',	'0',	'tool:gen:remove',	'#',	'admin',	'2024-11-13 14:12:02',	'',	NULL,	''),
(1058,	'导入代码',	116,	4,	'#',	'',	'',	'',	1,	0,	'F',	'0',	'0',	'tool:gen:import',	'#',	'admin',	'2024-11-13 14:12:02',	'',	NULL,	''),
(1059,	'预览代码',	116,	5,	'#',	'',	'',	'',	1,	0,	'F',	'0',	'0',	'tool:gen:preview',	'#',	'admin',	'2024-11-13 14:12:02',	'',	NULL,	''),
(1060,	'生成代码',	116,	6,	'#',	'',	'',	'',	1,	0,	'F',	'0',	'0',	'tool:gen:code',	'#',	'admin',	'2024-11-13 14:12:02',	'',	NULL,	''),
(2028,	'业务菜单',	0,	10,	'business',	NULL,	NULL,	'',	1,	0,	'M',	'1',	'0',	NULL,	'dict',	'admin',	'2025-01-17 14:16:08',	'admin',	'2025-05-14 11:30:36',	''),
(2053,	'表格管理',	1,	1,	'sys_table',	'system/table/index',	NULL,	'',	1,	0,	'C',	'0',	'0',	'sys:table:list',	'chart',	'admin',	'2025-02-11 11:03:27',	'admin',	'2025-02-11 11:09:32',	'表格管理菜单'),
(2054,	'表格管理查询',	2053,	1,	'#',	'',	NULL,	'',	1,	0,	'F',	'0',	'0',	'sys:table:query',	'#',	'admin',	'2025-02-11 11:03:27',	'',	NULL,	''),
(2055,	'表格管理新增',	2053,	2,	'#',	'',	NULL,	'',	1,	0,	'F',	'0',	'0',	'sys:table:add',	'#',	'admin',	'2025-02-11 11:03:27',	'',	NULL,	''),
(2056,	'表格管理修改',	2053,	3,	'#',	'',	NULL,	'',	1,	0,	'F',	'0',	'0',	'sys:table:edit',	'#',	'admin',	'2025-02-11 11:03:27',	'',	NULL,	''),
(2057,	'表格管理删除',	2053,	4,	'#',	'',	NULL,	'',	1,	0,	'F',	'0',	'0',	'sys:table:remove',	'#',	'admin',	'2025-02-11 11:03:27',	'',	NULL,	''),
(2058,	'表格管理导出',	2053,	5,	'#',	'',	NULL,	'',	1,	0,	'F',	'0',	'0',	'sys:table:export',	'#',	'admin',	'2025-02-11 11:03:27',	'',	NULL,	''),
(2077,	'司机信息',	2028,	1,	'car_driver',	'car/driver/index',	NULL,	'',	1,	0,	'C',	'0',	'0',	'car:driver:list',	'peoples',	'admin',	'2025-02-18 23:56:27',	'admin',	'2025-03-08 16:35:19',	'司机信息菜单'),
(2078,	'司机信息查询',	2077,	1,	'#',	'',	NULL,	'',	1,	0,	'F',	'0',	'0',	'car:driver:query',	'#',	'admin',	'2025-02-18 23:56:27',	'',	NULL,	''),
(2079,	'司机信息新增',	2077,	2,	'#',	'',	NULL,	'',	1,	0,	'F',	'0',	'0',	'car:driver:add',	'#',	'admin',	'2025-02-18 23:56:27',	'',	NULL,	''),
(2080,	'司机信息修改',	2077,	3,	'#',	'',	NULL,	'',	1,	0,	'F',	'0',	'0',	'car:driver:edit',	'#',	'admin',	'2025-02-18 23:56:27',	'',	NULL,	''),
(2081,	'司机信息删除',	2077,	4,	'#',	'',	NULL,	'',	1,	0,	'F',	'0',	'0',	'car:driver:remove',	'#',	'admin',	'2025-02-18 23:56:27',	'',	NULL,	''),
(2082,	'司机信息导出',	2077,	5,	'#',	'',	NULL,	'',	1,	0,	'F',	'0',	'0',	'car:driver:export',	'#',	'admin',	'2025-02-18 23:56:27',	'',	NULL,	''),
(2084,	'系统表单查询',	115,	1,	'#',	'',	NULL,	'',	1,	0,	'F',	'0',	'0',	'sys:form:query',	'#',	'admin',	'2025-03-07 10:07:51',	'',	NULL,	''),
(2085,	'系统表单新增',	115,	2,	'#',	'',	NULL,	'',	1,	0,	'F',	'0',	'0',	'sys:form:add',	'#',	'admin',	'2025-03-07 10:07:51',	'',	NULL,	''),
(2086,	'系统表单修改',	115,	3,	'#',	'',	NULL,	'',	1,	0,	'F',	'0',	'0',	'sys:form:edit',	'#',	'admin',	'2025-03-07 10:07:51',	'',	NULL,	''),
(2087,	'系统表单删除',	115,	4,	'#',	'',	NULL,	'',	1,	0,	'F',	'0',	'0',	'sys:form:remove',	'#',	'admin',	'2025-03-07 10:07:51',	'',	NULL,	''),
(2088,	'系统表单导出',	115,	5,	'#',	'',	NULL,	'',	1,	0,	'F',	'0',	'0',	'sys:form:export',	'#',	'admin',	'2025-03-07 10:07:51',	'',	NULL,	''),
(2089,	'测试表单',	2028,	2,	'jobIntent',	'form/jobIntent/index',	NULL,	'',	1,	0,	'C',	'0',	'0',	NULL,	'dict',	'admin',	'2025-03-08 16:33:25',	'admin',	'2025-03-08 16:34:23',	''),
(2090,	'表单数据列表',	115,	10,	'',	NULL,	NULL,	'',	1,	0,	'F',	'0',	'0',	'sys:form_data:list',	'#',	'admin',	'2025-03-10 08:58:41',	'admin',	'2025-03-10 08:58:41',	''),
(2091,	'表单数据导出',	115,	11,	'',	NULL,	NULL,	'',	1,	0,	'F',	'0',	'0',	'sys:form_data:export',	'#',	'admin',	'2025-03-10 09:08:19',	'admin',	'2025-03-10 09:08:19',	''),
(2092,	'期望薪资表单',	2028,	3,	'salary',	'form/salary/index',	NULL,	'',	1,	0,	'C',	'0',	'0',	NULL,	'date-range',	'admin',	'2025-03-14 23:24:54',	'admin',	'2025-03-14 23:25:06',	''),
(2093,	'学生信息表',	2028,	1,	'student_info',	'student/info/index',	NULL,	'',	1,	0,	'C',	'0',	'0',	'student:info:list',	'people',	'admin',	'2025-03-23 13:39:38',	'admin',	'2025-03-23 14:01:25',	'学生信息表菜单'),
(2094,	'学生信息表查询',	2093,	1,	'#',	'',	NULL,	'',	1,	0,	'F',	'0',	'0',	'student:info:query',	'#',	'admin',	'2025-03-23 13:39:38',	'',	NULL,	''),
(2095,	'学生信息表新增',	2093,	2,	'#',	'',	NULL,	'',	1,	0,	'F',	'0',	'0',	'student:info:add',	'#',	'admin',	'2025-03-23 13:39:38',	'',	NULL,	''),
(2096,	'学生信息表修改',	2093,	3,	'#',	'',	NULL,	'',	1,	0,	'F',	'0',	'0',	'student:info:edit',	'#',	'admin',	'2025-03-23 13:39:38',	'',	NULL,	''),
(2097,	'学生信息表删除',	2093,	4,	'#',	'',	NULL,	'',	1,	0,	'F',	'0',	'0',	'student:info:remove',	'#',	'admin',	'2025-03-23 13:39:38',	'',	NULL,	''),
(2098,	'学生信息表导出',	2093,	5,	'#',	'',	NULL,	'',	1,	0,	'F',	'0',	'0',	'student:info:export',	'#',	'admin',	'2025-03-23 13:39:38',	'',	NULL,	''),
(2099,	'学生信息表导入',	2093,	6,	'#',	'',	NULL,	'',	1,	0,	'F',	'0',	'0',	'student:info:import',	'#',	'admin',	'2025-03-23 13:39:38',	'',	NULL,	''),
(2100,	'AI管家',	0,	4,	'ai_chat',	'ai/chat/index',	NULL,	'',	1,	0,	'C',	'1',	'0',	NULL,	'star',	'admin',	'2025-04-10 23:13:54',	'admin',	'2025-05-14 11:30:42',	''),
(2101,	'历史记录',	0,	0,	'history_hisory',	'history/history/index',	NULL,	'',	1,	0,	'C',	'0',	'0',	'history:history:list',	'nested',	'admin',	'2025-05-14 11:12:02',	'admin',	'2025-05-14 15:14:28',	'history菜单'),
(2102,	'history查询',	2101,	1,	'#',	'',	NULL,	'',	1,	0,	'F',	'0',	'0',	'history:history:query',	'#',	'admin',	'2025-05-14 11:12:02',	'',	NULL,	''),
(2103,	'history新增',	2101,	2,	'#',	'',	NULL,	'',	1,	0,	'F',	'0',	'0',	'history:history:add',	'#',	'admin',	'2025-05-14 11:12:03',	'',	NULL,	''),
(2104,	'history修改',	2101,	3,	'#',	'',	NULL,	'',	1,	0,	'F',	'0',	'0',	'history:history:edit',	'#',	'admin',	'2025-05-14 11:12:03',	'',	NULL,	''),
(2105,	'history删除',	2101,	4,	'#',	'',	NULL,	'',	1,	0,	'F',	'0',	'0',	'history:history:remove',	'#',	'admin',	'2025-05-14 11:12:03',	'',	NULL,	''),
(2106,	'history导出',	2101,	5,	'#',	'',	NULL,	'',	1,	0,	'F',	'0',	'0',	'history:history:export',	'#',	'admin',	'2025-05-14 11:12:03',	'',	NULL,	''),
(2107,	'history导入',	2101,	6,	'#',	'',	NULL,	'',	1,	0,	'F',	'0',	'0',	'history:history:import',	'#',	'admin',	'2025-05-14 11:12:03',	'',	NULL,	'');

DROP TABLE IF EXISTS `sys_notice`;
CREATE TABLE `sys_notice` (
  `notice_id` int NOT NULL AUTO_INCREMENT COMMENT '公告ID',
  `notice_title` varchar(50) CHARACTER SET utf8mb4 COLLATE utf8mb4_general_ci NOT NULL COMMENT '公告标题',
  `notice_type` char(1) CHARACTER SET utf8mb4 COLLATE utf8mb4_general_ci NOT NULL COMMENT '公告类型（1通知 2公告）',
  `notice_content` longblob COMMENT '公告内容',
  `status` char(1) CHARACTER SET utf8mb4 COLLATE utf8mb4_general_ci DEFAULT '0' COMMENT '公告状态（0正常 1关闭）',
  `create_by` varchar(64) CHARACTER SET utf8mb4 COLLATE utf8mb4_general_ci DEFAULT '' COMMENT '创建者',
  `create_time` datetime DEFAULT NULL COMMENT '创建时间',
  `update_by` varchar(64) CHARACTER SET utf8mb4 COLLATE utf8mb4_general_ci DEFAULT '' COMMENT '更新者',
  `update_time` datetime DEFAULT NULL COMMENT '更新时间',
  `remark` varchar(255) CHARACTER SET utf8mb4 COLLATE utf8mb4_general_ci DEFAULT NULL COMMENT '备注',
  PRIMARY KEY (`notice_id`) USING BTREE
) ENGINE=InnoDB AUTO_INCREMENT=3 DEFAULT CHARSET=utf8mb4 COLLATE=utf8mb4_general_ci COMMENT='通知公告表';

INSERT INTO `sys_notice` (`notice_id`, `notice_title`, `notice_type`, `notice_content`, `status`, `create_by`, `create_time`, `update_by`, `update_time`, `remark`) VALUES
(1,	'温馨提醒：2025-05-01 LEAF DETECTIVE新版本发布啦',	'2',	'<p>新版本内容</p>',	'0',	'admin',	'2024-11-13 14:12:03',	'admin',	'2025-03-13 13:31:00',	'管理员'),
(2,	'维护通知：2025-05-02 LEAF DETECTIVE系统凌晨维护',	'1',	'维护内容',	'0',	'admin',	'2024-11-13 14:12:03',	'',	NULL,	'管理员');

DROP TABLE IF EXISTS `sys_oper_log`;
CREATE TABLE `sys_oper_log` (
  `oper_id` bigint NOT NULL AUTO_INCREMENT COMMENT '日志主键',
  `title` varchar(50) CHARACTER SET utf8mb4 COLLATE utf8mb4_general_ci DEFAULT '' COMMENT '模块标题',
  `business_type` int DEFAULT '0' COMMENT '业务类型（0其它 1新增 2修改 3删除）',
  `method` varchar(100) CHARACTER SET utf8mb4 COLLATE utf8mb4_general_ci DEFAULT '' COMMENT '方法名称',
  `request_method` varchar(10) CHARACTER SET utf8mb4 COLLATE utf8mb4_general_ci DEFAULT '' COMMENT '请求方式',
  `operator_type` int DEFAULT '0' COMMENT '操作类别（0其它 1后台用户 2手机端用户）',
  `oper_name` varchar(50) CHARACTER SET utf8mb4 COLLATE utf8mb4_general_ci DEFAULT '' COMMENT '操作人员',
  `dept_name` varchar(50) CHARACTER SET utf8mb4 COLLATE utf8mb4_general_ci DEFAULT '' COMMENT '部门名称',
  `oper_url` varchar(255) CHARACTER SET utf8mb4 COLLATE utf8mb4_general_ci DEFAULT '' COMMENT '请求URL',
  `oper_ip` varchar(128) CHARACTER SET utf8mb4 COLLATE utf8mb4_general_ci DEFAULT '' COMMENT '主机地址',
  `oper_location` varchar(255) CHARACTER SET utf8mb4 COLLATE utf8mb4_general_ci DEFAULT '' COMMENT '操作地点',
  `oper_param` longtext CHARACTER SET utf8mb4 COLLATE utf8mb4_general_ci COMMENT '请求参数',
  `json_result` longtext CHARACTER SET utf8mb4 COLLATE utf8mb4_general_ci COMMENT '返回参数',
  `status` int DEFAULT '0' COMMENT '操作状态（0正常 1异常）',
  `error_msg` longtext CHARACTER SET utf8mb4 COLLATE utf8mb4_general_ci COMMENT '错误消息',
  `oper_time` datetime DEFAULT NULL COMMENT '操作时间',
  `cost_time` bigint DEFAULT '0' COMMENT '消耗时间',
  PRIMARY KEY (`oper_id`) USING BTREE,
  KEY `idx_sys_oper_log_bt` (`business_type`) USING BTREE,
  KEY `idx_sys_oper_log_s` (`status`) USING BTREE,
  KEY `idx_sys_oper_log_ot` (`oper_time`) USING BTREE
) ENGINE=InnoDB AUTO_INCREMENT=1250 DEFAULT CHARSET=utf8mb4 COLLATE=utf8mb4_general_ci COMMENT='操作日志记录';

INSERT INTO `sys_oper_log` (`oper_id`, `title`, `business_type`, `method`, `request_method`, `operator_type`, `oper_name`, `dept_name`, `oper_url`, `oper_ip`, `oper_location`, `oper_param`, `json_result`, `status`, `error_msg`, `oper_time`, `cost_time`) VALUES
(1,	'sys_form',	5,	'module_admin/controller/sys_form_controller.export_sys_form()',	'POST',	1,	'admin',	'研发部门',	'/sys/form/export',	'',	'内网IP',	'pageNum: 1\npageSize: 10',	'{\"code\": 200, \"message\": \"获取成功\"}',	0,	'',	'2025-03-10 23:38:16',	8);

DROP TABLE IF EXISTS `sys_post`;
CREATE TABLE `sys_post` (
  `post_id` bigint NOT NULL AUTO_INCREMENT COMMENT '岗位ID',
  `post_code` varchar(64) CHARACTER SET utf8mb4 COLLATE utf8mb4_general_ci NOT NULL COMMENT '岗位编码',
  `post_name` varchar(50) CHARACTER SET utf8mb4 COLLATE utf8mb4_general_ci NOT NULL COMMENT '岗位名称',
  `post_sort` int NOT NULL COMMENT '显示顺序',
  `status` char(1) CHARACTER SET utf8mb4 COLLATE utf8mb4_general_ci NOT NULL COMMENT '状态（0正常 1停用）',
  `create_by` varchar(64) CHARACTER SET utf8mb4 COLLATE utf8mb4_general_ci DEFAULT '' COMMENT '创建者',
  `create_time` datetime DEFAULT NULL COMMENT '创建时间',
  `update_by` varchar(64) CHARACTER SET utf8mb4 COLLATE utf8mb4_general_ci DEFAULT '' COMMENT '更新者',
  `update_time` datetime DEFAULT NULL COMMENT '更新时间',
  `remark` varchar(500) CHARACTER SET utf8mb4 COLLATE utf8mb4_general_ci DEFAULT NULL COMMENT '备注',
  PRIMARY KEY (`post_id`) USING BTREE
) ENGINE=InnoDB AUTO_INCREMENT=5 DEFAULT CHARSET=utf8mb4 COLLATE=utf8mb4_general_ci COMMENT='岗位信息表';

INSERT INTO `sys_post` (`post_id`, `post_code`, `post_name`, `post_sort`, `status`, `create_by`, `create_time`, `update_by`, `update_time`, `remark`) VALUES
(1,	'ceo',	'董事长',	1,	'0',	'admin',	'2024-11-13 14:12:02',	'',	NULL,	''),
(2,	'se',	'项目经理',	2,	'0',	'admin',	'2024-11-13 14:12:02',	'',	NULL,	''),
(3,	'hr',	'人力资源',	3,	'0',	'admin',	'2024-11-13 14:12:02',	'',	NULL,	'');

DROP TABLE IF EXISTS `sys_role`;
CREATE TABLE `sys_role` (
  `role_id` bigint NOT NULL AUTO_INCREMENT COMMENT '角色ID',
  `role_name` varchar(30) CHARACTER SET utf8mb4 COLLATE utf8mb4_general_ci NOT NULL COMMENT '角色名称',
  `role_key` varchar(100) CHARACTER SET utf8mb4 COLLATE utf8mb4_general_ci NOT NULL COMMENT '角色权限字符串',
  `role_sort` int NOT NULL COMMENT '显示顺序',
  `data_scope` char(1) CHARACTER SET utf8mb4 COLLATE utf8mb4_general_ci DEFAULT '1' COMMENT '数据范围（1：全部数据权限 2：自定数据权限 3：本部门数据权限 4：本部门及以下数据权限）',
  `menu_check_strictly` tinyint(1) DEFAULT '1' COMMENT '菜单树选择项是否关联显示',
  `dept_check_strictly` tinyint(1) DEFAULT '1' COMMENT '部门树选择项是否关联显示',
  `status` char(1) CHARACTER SET utf8mb4 COLLATE utf8mb4_general_ci NOT NULL COMMENT '角色状态（0正常 1停用）',
  `del_flag` char(1) CHARACTER SET utf8mb4 COLLATE utf8mb4_general_ci DEFAULT '0' COMMENT '删除标志（0代表存在 2代表删除）',
  `create_by` varchar(64) CHARACTER SET utf8mb4 COLLATE utf8mb4_general_ci DEFAULT '' COMMENT '创建者',
  `create_time` datetime DEFAULT NULL COMMENT '创建时间',
  `update_by` varchar(64) CHARACTER SET utf8mb4 COLLATE utf8mb4_general_ci DEFAULT '' COMMENT '更新者',
  `update_time` datetime DEFAULT NULL COMMENT '更新时间',
  `remark` varchar(500) CHARACTER SET utf8mb4 COLLATE utf8mb4_general_ci DEFAULT NULL COMMENT '备注',
  PRIMARY KEY (`role_id`) USING BTREE
) ENGINE=InnoDB AUTO_INCREMENT=101 DEFAULT CHARSET=utf8mb4 COLLATE=utf8mb4_general_ci COMMENT='角色信息表';

INSERT INTO `sys_role` (`role_id`, `role_name`, `role_key`, `role_sort`, `data_scope`, `menu_check_strictly`, `dept_check_strictly`, `status`, `del_flag`, `create_by`, `create_time`, `update_by`, `update_time`, `remark`) VALUES
(1,	'超级管理员',	'admin',	1,	'1',	1,	1,	'0',	'0',	'admin',	'2024-11-13 14:12:02',	'',	NULL,	'超级管理员'),
(2,	'普通角色',	'common',	2,	'1',	1,	1,	'0',	'0',	'admin',	'2024-11-13 14:12:02',	'admin',	'2025-05-14 21:37:17',	'普通角色'),
(100,	'文章管理',	'文章管理',	0,	'1',	0,	1,	'0',	'0',	'admin',	'2024-12-14 16:22:24',	'admin',	'2025-01-13 13:49:32',	'文章管理');

DROP TABLE IF EXISTS `sys_role_dept`;
CREATE TABLE `sys_role_dept` (
  `role_id` bigint NOT NULL COMMENT '角色ID',
  `dept_id` bigint NOT NULL COMMENT '部门ID',
  PRIMARY KEY (`role_id`,`dept_id`) USING BTREE
) ENGINE=InnoDB DEFAULT CHARSET=utf8mb4 COLLATE=utf8mb4_general_ci COMMENT='角色和部门关联表';


DROP TABLE IF EXISTS `sys_role_menu`;
CREATE TABLE `sys_role_menu` (
  `role_id` bigint NOT NULL COMMENT '角色ID',
  `menu_id` bigint NOT NULL COMMENT '菜单ID',
  PRIMARY KEY (`role_id`,`menu_id`) USING BTREE
) ENGINE=InnoDB DEFAULT CHARSET=utf8mb4 COLLATE=utf8mb4_general_ci COMMENT='角色和菜单关联表';

INSERT INTO `sys_role_menu` (`role_id`, `menu_id`) VALUES
(2,	1),
(2,	2),
(2,	103),
(2,	107),
(2,	112),
(2,	113),
(2,	114),
(2,	1016),
(2,	1035),
(2,	1036),
(2,	2053),
(2,	2054),
(2,	2058),
(2,	2101),
(2,	2102),
(2,	2103),
(2,	2104),
(2,	2105),
(2,	2106),
(2,	2107);

DROP TABLE IF EXISTS `sys_table`;
CREATE TABLE `sys_table` (
  `id` int NOT NULL AUTO_INCREMENT COMMENT 'ID',
  `create_time` datetime DEFAULT NULL COMMENT '创建时间',
  `update_time` datetime DEFAULT NULL ON UPDATE CURRENT_TIMESTAMP COMMENT '更新时间',
  `del_flag` char(1) CHARACTER SET utf8mb4 COLLATE utf8mb4_general_ci NOT NULL DEFAULT '0' COMMENT '删除标志',
  `update_by` int DEFAULT NULL COMMENT '更新者',
  `update_by_name` varchar(255) CHARACTER SET utf8mb4 COLLATE utf8mb4_general_ci DEFAULT NULL COMMENT '更新者',
  `table_name` varchar(255) CHARACTER SET utf8mb4 COLLATE utf8mb4_general_ci NOT NULL COMMENT '表名',
  `field_name` varchar(255) CHARACTER SET utf8mb4 COLLATE utf8mb4_general_ci NOT NULL COMMENT '字段名',
  `show` char(1) CHARACTER SET utf8mb4 COLLATE utf8mb4_general_ci NOT NULL DEFAULT '1' COMMENT '可见',
  `prop` varchar(255) CHARACTER SET utf8mb4 COLLATE utf8mb4_general_ci NOT NULL COMMENT '属性（驼峰值）',
  `label` varchar(255) CHARACTER SET utf8mb4 COLLATE utf8mb4_general_ci NOT NULL COMMENT '字段标签',
  `sortable` char(1) CHARACTER SET utf8mb4 COLLATE utf8mb4_general_ci NOT NULL DEFAULT '0' COMMENT '可排序',
  `width` int NOT NULL DEFAULT '150' COMMENT '宽度',
  `label_tip` varchar(255) CHARACTER SET utf8mb4 COLLATE utf8mb4_general_ci DEFAULT NULL COMMENT '字段标签解释',
  `fixed` char(1) CHARACTER SET utf8mb4 COLLATE utf8mb4_general_ci NOT NULL DEFAULT '0' COMMENT '固定表头',
  `align` varchar(255) CHARACTER SET utf8mb4 COLLATE utf8mb4_general_ci NOT NULL DEFAULT 'left' COMMENT '对其方式',
  `tooltip` char(1) CHARACTER SET utf8mb4 COLLATE utf8mb4_general_ci NOT NULL DEFAULT '1' COMMENT '超出隐藏',
  `sequence` int NOT NULL DEFAULT '0' COMMENT '字段顺序',
  PRIMARY KEY (`id`) USING BTREE
) ENGINE=InnoDB AUTO_INCREMENT=113 DEFAULT CHARSET=utf8mb4 COLLATE=utf8mb4_general_ci COMMENT='表格管理';

INSERT INTO `sys_table` (`id`, `create_time`, `update_time`, `del_flag`, `update_by`, `update_by_name`, `table_name`, `field_name`, `show`, `prop`, `label`, `sortable`, `width`, `label_tip`, `fixed`, `align`, `tooltip`, `sequence`) VALUES
(74,	NULL,	'2025-02-18 23:58:36',	'0',	NULL,	NULL,	'car_driver',	'age',	'1',	'age',	'年龄',	'0',	76,	NULL,	'0',	'left',	'1',	1),
(75,	NULL,	'2025-02-18 23:58:27',	'0',	NULL,	NULL,	'car_driver',	'car_type',	'1',	'carType',	'车辆类型',	'0',	150,	NULL,	'0',	'left',	'1',	2),
(76,	NULL,	'2025-02-18 23:58:40',	'0',	NULL,	NULL,	'car_driver',	'driver_years',	'1',	'driverYears',	'驾龄',	'0',	80,	NULL,	'0',	'left',	'1',	3),
(77,	NULL,	'2025-02-18 23:58:43',	'0',	NULL,	NULL,	'car_driver',	'image',	'1',	'image',	'图片',	'0',	104,	NULL,	'0',	'left',	'1',	4),
(78,	NULL,	'2025-02-18 23:58:27',	'0',	NULL,	NULL,	'car_driver',	'location',	'1',	'location',	'所在位置',	'0',	150,	NULL,	'0',	'left',	'1',	5),
(79,	NULL,	'2025-03-11 07:56:56',	'0',	NULL,	NULL,	'car_driver',	'name',	'1',	'name',	'司机名称',	'1',	110,	NULL,	'0',	'center',	'1',	0),
(80,	NULL,	'2025-02-18 23:58:47',	'0',	NULL,	NULL,	'car_driver',	'price',	'1',	'price',	'价格',	'0',	88,	NULL,	'0',	'left',	'1',	6),
(81,	NULL,	'2025-02-18 23:58:51',	'0',	NULL,	NULL,	'car_driver',	'update_time',	'1',	'updateTime',	'更新时间',	'0',	138,	NULL,	'0',	'left',	'1',	7),
(82,	NULL,	'2025-02-19 09:55:17',	'0',	NULL,	NULL,	'car_driver',	'operate',	'1',	'operate',	'操作',	'0',	162,	NULL,	'0',	'left',	'1',	8),
(83,	NULL,	'2025-03-07 14:35:47',	'0',	NULL,	NULL,	'sys_form',	'content',	'1',	'content',	'表单代码',	'0',	150,	NULL,	'0',	'left',	'1',	1),
(84,	NULL,	'2025-03-07 14:35:47',	'0',	NULL,	NULL,	'sys_form',	'create_time',	'1',	'createTime',	'创建时间',	'0',	150,	NULL,	'0',	'left',	'1',	5),
(85,	NULL,	'2025-03-07 14:35:47',	'0',	NULL,	NULL,	'sys_form',	'form_conf',	'1',	'formConf',	'表单配置',	'0',	150,	NULL,	'0',	'left',	'1',	2),
(86,	NULL,	'2025-03-07 14:35:47',	'0',	NULL,	NULL,	'sys_form',	'form_data',	'1',	'formData',	'表单内容',	'0',	150,	NULL,	'0',	'left',	'1',	3),
(87,	NULL,	'2025-03-07 14:35:47',	'0',	NULL,	NULL,	'sys_form',	'generate_conf',	'1',	'generateConf',	'生成配置',	'0',	150,	NULL,	'0',	'left',	'1',	4),
(88,	NULL,	'2025-03-07 10:13:55',	'0',	NULL,	NULL,	'sys_form',	'name',	'1',	'name',	'表单名称',	'0',	150,	NULL,	'0',	'left',	'1',	0),
(89,	NULL,	'2025-03-08 16:20:44',	'0',	NULL,	NULL,	'sys_form',	'update_time',	'1',	'updateTime',	'更新时间',	'0',	130,	NULL,	'0',	'left',	'1',	6),
(90,	NULL,	'2025-03-08 16:20:37',	'0',	NULL,	NULL,	'sys_form',	'operate',	'1',	'operate',	'操作',	'0',	229,	NULL,	'0',	'left',	'1',	7),
(91,	'2025-03-08 14:59:21',	'2025-03-08 14:59:21',	'0',	NULL,	NULL,	'sys_form',	'data_count',	'1',	'dataCount',	'数据量',	'0',	80,	NULL,	'0',	'left',	'1',	0),
(92,	NULL,	'2025-03-23 13:55:24',	'0',	NULL,	NULL,	'student_info',	'class_name',	'1',	'className',	'班级',	'0',	92,	NULL,	'0',	'left',	'1',	3),
(93,	NULL,	'2025-03-23 13:55:27',	'0',	NULL,	NULL,	'student_info',	'date_of_birth',	'1',	'dateOfBirth',	'出生日期',	'0',	120,	NULL,	'0',	'left',	'1',	4),
(94,	NULL,	'2025-03-23 13:55:30',	'0',	NULL,	NULL,	'student_info',	'email',	'1',	'email',	'电子邮箱',	'0',	184,	NULL,	'0',	'left',	'1',	5),
(95,	NULL,	'2025-03-23 13:55:19',	'0',	NULL,	NULL,	'student_info',	'gender',	'1',	'gender',	'性别',	'0',	80,	NULL,	'0',	'left',	'1',	2),
(96,	NULL,	'2025-03-23 13:55:42',	'0',	NULL,	NULL,	'student_info',	'major',	'1',	'major',	'专业',	'0',	131,	NULL,	'0',	'left',	'1',	1),
(97,	NULL,	'2025-03-23 13:55:13',	'0',	NULL,	NULL,	'student_info',	'name',	'1',	'name',	'姓名',	'0',	93,	NULL,	'0',	'left',	'1',	0),
(98,	NULL,	'2025-03-23 13:55:35',	'0',	NULL,	NULL,	'student_info',	'phone_number',	'1',	'phoneNumber',	'联系电话',	'0',	112,	NULL,	'0',	'left',	'1',	6),
(99,	NULL,	'2025-03-23 13:55:37',	'0',	NULL,	NULL,	'student_info',	'update_time',	'1',	'updateTime',	'更新时间',	'0',	113,	NULL,	'0',	'left',	'1',	7),
(100,	NULL,	'2025-03-23 13:55:13',	'0',	NULL,	NULL,	'student_info',	'operate',	'1',	'operate',	'操作',	'0',	150,	NULL,	'0',	'left',	'1',	8),
(101,	NULL,	'2025-05-14 22:58:57',	'0',	NULL,	NULL,	'history',	'id',	'1',	'id',	'图像ID',	'0',	69,	NULL,	'0',	'left',	'1',	0),
(102,	NULL,	'2025-05-14 11:29:14',	'0',	NULL,	NULL,	'history',	'image',	'1',	'image',	'图像',	'0',	150,	NULL,	'0',	'left',	'1',	2),
(103,	NULL,	'2025-05-14 11:29:16',	'0',	NULL,	NULL,	'history',	'lat',	'0',	'lat',	'纬度',	'0',	150,	NULL,	'0',	'left',	'1',	3),
(104,	NULL,	'2025-05-14 11:29:16',	'0',	NULL,	NULL,	'history',	'lng',	'0',	'lng',	'经度',	'0',	150,	NULL,	'0',	'left',	'1',	4),
(105,	NULL,	'2025-05-15 00:06:49',	'0',	NULL,	NULL,	'history',	'location',	'1',	'location',	'地点',	'0',	293,	NULL,	'0',	'left',	'1',	5),
(106,	NULL,	'2025-05-15 00:06:52',	'0',	NULL,	NULL,	'history',	'predclass',	'1',	'predclass',	'预测类别',	'0',	182,	NULL,	'0',	'left',	'1',	6),
(107,	NULL,	'2025-05-14 11:29:14',	'0',	NULL,	NULL,	'history',	'predlabel',	'0',	'predlabel',	'预测标签',	'0',	150,	NULL,	'0',	'left',	'1',	7),
(108,	NULL,	'2025-05-15 00:06:59',	'0',	NULL,	NULL,	'history',	'predscore',	'1',	'predscore',	'预测分数',	'0',	198,	NULL,	'0',	'left',	'1',	8),
(109,	NULL,	'2025-05-15 00:06:46',	'0',	NULL,	NULL,	'history',	'reportid',	'1',	'reportid',	'上报ID',	'0',	162,	NULL,	'0',	'left',	'1',	9),
(110,	NULL,	'2025-05-14 11:29:14',	'0',	NULL,	NULL,	'history',	'time',	'1',	'time',	'时间',	'0',	150,	NULL,	'0',	'left',	'1',	1),
(111,	NULL,	'2025-05-15 00:06:36',	'0',	NULL,	NULL,	'history',	'update_time',	'0',	'updateTime',	'更新时间',	'0',	150,	NULL,	'0',	'left',	'1',	10),
(112,	NULL,	'2025-05-15 11:10:36',	'0',	NULL,	NULL,	'history',	'operate',	'1',	'operate',	'操作',	'0',	150,	NULL,	'0',	'left',	'1',	11);

DROP TABLE IF EXISTS `sys_user`;
CREATE TABLE `sys_user` (
  `user_id` bigint NOT NULL AUTO_INCREMENT COMMENT '用户ID',
  `dept_id` bigint DEFAULT NULL COMMENT '部门ID',
  `user_name` varchar(30) CHARACTER SET utf8mb4 COLLATE utf8mb4_general_ci NOT NULL COMMENT '用户账号',
  `nick_name` varchar(30) CHARACTER SET utf8mb4 COLLATE utf8mb4_general_ci NOT NULL COMMENT '用户昵称',
  `user_type` varchar(2) CHARACTER SET utf8mb4 COLLATE utf8mb4_general_ci DEFAULT '00' COMMENT '用户类型（00系统用户）',
  `email` varchar(50) CHARACTER SET utf8mb4 COLLATE utf8mb4_general_ci DEFAULT '' COMMENT '用户邮箱',
  `phonenumber` varchar(11) CHARACTER SET utf8mb4 COLLATE utf8mb4_general_ci DEFAULT '' COMMENT '手机号码',
  `sex` char(1) CHARACTER SET utf8mb4 COLLATE utf8mb4_general_ci DEFAULT '0' COMMENT '用户性别（0男 1女 2未知）',
  `avatar` varchar(100) CHARACTER SET utf8mb4 COLLATE utf8mb4_general_ci DEFAULT '' COMMENT '头像地址',
  `password` varchar(100) CHARACTER SET utf8mb4 COLLATE utf8mb4_general_ci DEFAULT '' COMMENT '密码',
  `status` char(1) CHARACTER SET utf8mb4 COLLATE utf8mb4_general_ci DEFAULT '0' COMMENT '帐号状态（0正常 1停用）',
  `del_flag` char(1) CHARACTER SET utf8mb4 COLLATE utf8mb4_general_ci DEFAULT '0' COMMENT '删除标志（0代表存在 2代表删除）',
  `login_ip` varchar(128) CHARACTER SET utf8mb4 COLLATE utf8mb4_general_ci DEFAULT '' COMMENT '最后登录IP',
  `login_date` datetime DEFAULT NULL COMMENT '最后登录时间',
  `create_by` varchar(64) CHARACTER SET utf8mb4 COLLATE utf8mb4_general_ci DEFAULT '' COMMENT '创建者',
  `create_time` datetime DEFAULT NULL COMMENT '创建时间',
  `update_by` varchar(64) CHARACTER SET utf8mb4 COLLATE utf8mb4_general_ci DEFAULT '' COMMENT '更新者',
  `update_time` datetime DEFAULT NULL COMMENT '更新时间',
  `remark` varchar(500) CHARACTER SET utf8mb4 COLLATE utf8mb4_general_ci DEFAULT NULL COMMENT '备注',
  PRIMARY KEY (`user_id`) USING BTREE
) ENGINE=InnoDB AUTO_INCREMENT=121 DEFAULT CHARSET=utf8mb4 COLLATE=utf8mb4_general_ci COMMENT='用户信息表';

INSERT INTO `sys_user` (`user_id`, `dept_id`, `user_name`, `nick_name`, `user_type`, `email`, `phonenumber`, `sex`, `avatar`, `password`, `status`, `del_flag`, `login_ip`, `login_date`, `create_by`, `create_time`, `update_by`, `update_time`, `remark`) VALUES
(1,	103,	'admin',	'超级管理员',	'00',	'admin@163.com',	'18000006666',	'0',	'/profile/upload/zjutlogo.png',	'$2a$10$7JB720yubVSZvUI0rEqK/.VqGOZTH.ulu33dHOiBE8ByOhJIrdAu2',	'0',	'0',	'127.0.0.1',	'2025-05-15 11:50:10',	'admin',	'2024-11-13 14:12:02',	'admin',	'2025-02-23 00:09:11',	'管理员'),
(2,	105,	'niangao',	'年糕',	'00',	'niangao@qq.com',	'15666666666',	'1',	'/profile/avatar/2025/02/20/avatar_20250220224630A784.png',	'$2b$12$0XLJYiQ6Cg2MVULa2xCwMOqZWwR4fwK2IoMSFgItPbvJ73DLg83lK',	'0',	'0',	'127.0.0.1',	'2025-03-04 15:53:31',	'admin',	'2024-11-13 14:12:02',	'niangao',	'2025-02-20 22:46:31',	'测试员'),
(3,	105,	'richard',	'Richard',	'00',	'988550796@qq.com',	'18000008888',	'0',	'',	'$2b$12$s.xBqbikFcInhfxa4Lb5we8VX55AY3uYOdBLO5d2LtlgEldH.ixQ6',	'0',	'0',	'',	'2025-02-26 08:07:34',	'admin',	'2024-11-16 10:06:31',	'admin',	'2025-02-20 22:14:12',	NULL),
(4,	NULL,	'18010476403',	'18010476403',	'00',	'',	'18010476403',	'2',	'',	'$2b$12$GqXPcZvTsVo7L1JePwxgiuQg3tV6OhiCHmyLlsBJM52wNTV0NEEke',	'0',	'2',	'',	'2024-11-16 15:29:40',	'',	'2024-11-16 10:22:45',	'admin',	'2025-01-20 10:45:39',	NULL),
(5,	100,	'ad',	'a',	'00',	'',	'',	'0',	'',	'$2b$12$eYddc4x9tSA5rtdOH2HuMOBC0TZWVX0jUKBTkg9nsrXnQfQk7jsOy',	'0',	'0',	'',	'2025-03-13 13:31:44',	'admin',	'2025-03-13 13:31:27',	'admin',	'2025-03-13 13:32:23',	NULL),
(6,	NULL,	'123',	'123',	'00',	'',	'',	'2',	'/profile/upload/2025/05/15/圆角-1744118422914 (1)_20250515012537A510.png',	'$2b$12$RdEb.r.GSKwZWNGSmzvdLuLpjeJ15LprMraJLT1D4uGhZ5sJiWTJK',	'0',	'0',	'',	'2025-05-15 11:11:44',	'system',	'2025-05-14 11:56:57',	'123',	'2025-05-15 01:25:37',	NULL),
(7,	NULL,	'1234',	'1234',	'00',	'',	'',	'2',	'/profile/upload/圆角-1744118422914 (1).png',	'$2b$12$tvsjW1vgpMxY30ETsZ1h..VA2Upqu9q.GgAwV3Ej6/3KrAFZspYn.',	'0',	'0',	'',	'2025-05-15 01:33:37',	'system',	'2025-05-15 01:32:59',	'system',	'2025-05-15 01:32:59',	NULL);

DROP TABLE IF EXISTS `sys_user_post`;
CREATE TABLE `sys_user_post` (
  `user_id` bigint NOT NULL COMMENT '用户ID',
  `post_id` bigint NOT NULL COMMENT '岗位ID',
  PRIMARY KEY (`user_id`,`post_id`) USING BTREE
) ENGINE=InnoDB DEFAULT CHARSET=utf8mb4 COLLATE=utf8mb4_general_ci COMMENT='用户与岗位关联表';

INSERT INTO `sys_user_post` (`user_id`, `post_id`) VALUES
(1,	1),
(2,	2),
(115,	3);

DROP TABLE IF EXISTS `sys_user_role`;
CREATE TABLE `sys_user_role` (
  `user_id` bigint NOT NULL COMMENT '用户ID',
  `role_id` bigint NOT NULL COMMENT '角色ID',
  PRIMARY KEY (`user_id`,`role_id`) USING BTREE
) ENGINE=InnoDB DEFAULT CHARSET=utf8mb4 COLLATE=utf8mb4_general_ci COMMENT='用户和角色关联表';

INSERT INTO `sys_user_role` (`user_id`, `role_id`) VALUES
(1,	1),
(2,	2),
(115,	2),
(118,	2),
(119,	2),
(120,	2);

DROP TABLE IF EXISTS `user_wechat`;
CREATE TABLE `user_wechat` (
  `user_id` int NOT NULL COMMENT '用户ID',
  `city` varchar(100) CHARACTER SET utf8mb4 COLLATE utf8mb4_general_ci DEFAULT NULL COMMENT '城市',
  `country` varchar(100) CHARACTER SET utf8mb4 COLLATE utf8mb4_general_ci DEFAULT NULL COMMENT '国家',
  `head_img_url` varchar(255) CHARACTER SET utf8mb4 COLLATE utf8mb4_general_ci DEFAULT NULL COMMENT '微信头像',
  `nickname` varchar(255) CHARACTER SET utf8mb4 COLLATE utf8mb4_general_ci DEFAULT NULL COMMENT '微信昵称',
  `openid` varchar(255) CHARACTER SET utf8mb4 COLLATE utf8mb4_general_ci NOT NULL COMMENT 'openid',
  `union_id` varchar(255) CHARACTER SET utf8mb4 COLLATE utf8mb4_general_ci NOT NULL COMMENT 'union_id',
  `user_phone` varchar(15) CHARACTER SET utf8mb4 COLLATE utf8mb4_general_ci NOT NULL COMMENT '手机号',
  `province` varchar(255) CHARACTER SET utf8mb4 COLLATE utf8mb4_general_ci DEFAULT NULL COMMENT '省份',
  `sex` int DEFAULT NULL COMMENT '性别',
  `id` int NOT NULL AUTO_INCREMENT,
  `create_time` datetime NOT NULL COMMENT '创建时间',
  `update_time` datetime NOT NULL COMMENT '更新时间',
  `del_flag` varchar(1) CHARACTER SET utf8mb4 COLLATE utf8mb4_general_ci NOT NULL DEFAULT '0' COMMENT '删除标志（0代表存在 2代表删除）',
  PRIMARY KEY (`id`) USING BTREE,
  UNIQUE KEY `openid` (`openid`) USING BTREE,
  UNIQUE KEY `user_phone` (`user_phone`) USING BTREE,
  KEY `ix_user_wechat_update_time` (`update_time`) USING BTREE
) ENGINE=InnoDB AUTO_INCREMENT=15 DEFAULT CHARSET=utf8mb4 COLLATE=utf8mb4_general_ci COMMENT='用户微信信息';

INSERT INTO `user_wechat` (`user_id`, `city`, `country`, `head_img_url`, `nickname`, `openid`, `union_id`, `user_phone`, `province`, `sex`, `id`, `create_time`, `update_time`, `del_flag`) VALUES
(117,	NULL,	NULL,	NULL,	NULL,	'oxMx-6-s6NINAgtFYTg9B_x_99co',	'ol0Yu65bafiDx5ltVOkE8HKwU0yg',	'18010476403',	NULL,	NULL,	14,	'2024-11-16 10:23:09',	'2024-11-16 10:23:09',	'0');

-- 2025-05-15 05:00:03 UTC
